Date,Name,Year,Letterboxd URI,Rating,Rewatch,Tags,Watched Date
2026-01-29,Anaconda,2025,https://boxd.it/cSbMuR,2,,,2025-06-04
2026-01-29,Die My Love,2025,https://boxd.it/cSbOld,0.5,,,2026-01-28
2026-01-29,Me Before You,2016,https://boxd.it/cSbP2V,4,,,2026-01-28
2026-01-29,Chainsaw Man – The Movie: Reze Arc,2025,https://boxd.it/cSbQGR,4.5,,,2026-01-28
2026-01-29,Gone Girl,2014,https://boxd.it/cSbRan,4,,,2026-01-28
2026-01-29,Mr. & Mrs. Smith,2005,https://boxd.it/cSbRPZ,3.5,,,2026-01-28
2026-01-29,The Life of Chuck,2024,https://boxd.it/cSbThZ,1,,,2026-01-28
2026-01-29,Children of Men,2006,https://boxd.it/cSbTLl,5,,,2026-01-28
2026-01-29,Perfect Days,2023,https://boxd.it/cSbU8f,3.5,,,2026-01-28
2026-01-29,The Twilight Saga: New Moon,2009,https://boxd.it/cSbUCJ,3,,,2026-01-28
2026-01-29,How to Train Your Dragon,2025,https://boxd.it/cSbUZj,4,,,2026-01-28
2026-01-29,It Chapter Two,2019,https://boxd.it/cSbVGd,3,,,2026-01-28
2026-01-29,Project X,2012,https://boxd.it/cSbWnL,3,,,2026-01-28
2026-01-29,School of Rock,2003,https://boxd.it/cSbWH7,3,,,2026-01-28
2026-01-29,The Terminal,2004,https://boxd.it/cSbYmv,3.5,,,2026-01-28
2026-01-29,The Usual Suspects,1995,https://boxd.it/cSbYDL,4,,,2026-01-28
2026-01-29,Casablanca,1942,https://boxd.it/cSbZBV,4.5,,,2026-01-28
2026-01-29,The Twilight Saga: Breaking Dawn – Part 1,2011,https://boxd.it/cSbZYb,2,,,2026-01-28
2026-01-29,Madagascar,2005,https://boxd.it/cSc0oD,4,,,2026-01-28
2026-01-29,Look Back,2024,https://boxd.it/cSc1iL,3.5,,,2026-01-28
2026-01-29,The Twilight Saga: Breaking Dawn – Part 2,2012,https://boxd.it/cSc1FP,4.5,,,2026-01-28
2026-01-29,The Pursuit of Happyness,2006,https://boxd.it/cSc20X,3.5,,,2026-01-28
2026-01-29,Twin Peaks: Fire Walk with Me,1992,https://boxd.it/cSc2tP,3,,,2026-01-28
2026-01-29,The Hobbit: An Unexpected Journey,2012,https://boxd.it/cSc363,3,,,2026-01-28
2026-01-29,Chungking Express,1994,https://boxd.it/cSc3qd,4.5,,,2026-01-28
2026-01-29,Mulan,1998,https://boxd.it/cSc3Kn,3.5,,,2026-01-28
2026-01-29,Sentimental Value,2025,https://boxd.it/cScn9B,4,,,2026-01-28
2026-01-29,The Rocky Horror Picture Show,1975,https://boxd.it/cScq3r,0.5,,,2026-01-28
2026-01-29,The Secret Life of Walter Mitty,2013,https://boxd.it/cScqpH,2.5,,,2026-01-28
2026-01-29,Fallen Angels,1995,https://boxd.it/cScqCh,4,,,2026-01-28
2026-01-29,Neon Genesis Evangelion: The End of Evangelion,1997,https://boxd.it/cScr1V,4,,,2026-01-28
2026-01-29,Before Sunset,2004,https://boxd.it/cScrz9,4,,,2026-01-28
2026-01-29,Life Is Beautiful,1997,https://boxd.it/cScsth,4,,,2026-01-28
2026-01-29,Frances Ha,2012,https://boxd.it/cScsRj,3,,,2026-01-28
2026-01-29,One Flew Over the Cuckoo's Nest,1975,https://boxd.it/cSct7V,3.5,,,2026-01-28
2026-01-29,Alice in Wonderland,2010,https://boxd.it/cSctCJ,3.5,,,2026-01-28
2026-01-29,Saw,2004,https://boxd.it/cScu5V,4,,,2026-01-28
2026-01-29,Green Book,2018,https://boxd.it/cSczrH,5,,,2026-01-28
2026-01-29,The Founder,2016,https://boxd.it/cSczH1,2,,,2026-01-28
2026-01-29,Ford v Ferrari,2019,https://boxd.it/cScAbv,3.5,,,2026-01-28
2026-01-29,Million Dollar Baby,2004,https://boxd.it/cScAEn,3,,,2026-01-28
2026-01-29,A Beautiful Mind,2001,https://boxd.it/cScCIL,4,,,2026-01-28
2026-01-29,"The Chronicles of Narnia: The Lion, the Witch and the Wardrobe",2005,https://boxd.it/cScDvX,3.5,,,2026-01-28
2026-01-29,Casper,1995,https://boxd.it/cScDTF,2.5,,,2026-01-28
2026-01-29,Aladdin,2019,https://boxd.it/cScEaB,4,,,2026-01-28
2026-01-29,Phone Booth,2002,https://boxd.it/cScEnF,2.5,,,2026-01-28
2026-01-29,Ready Player One,2018,https://boxd.it/cScEFp,3.5,,,2026-01-28
2026-01-29,Pirates of the Caribbean: Dead Man's Chest,2006,https://boxd.it/cScFkd,3,,,2026-01-28
2026-01-29,The Irishman,2019,https://boxd.it/cScFKZ,3.5,,,2026-01-28
2026-01-29,A Taxi Driver,2017,https://boxd.it/cScGjl,5,,,2026-01-28
2026-01-29,Captain Fantastic,2016,https://boxd.it/cScGCx,2.5,,,2026-01-28
2026-01-29,1408,2007,https://boxd.it/cScGWx,2.5,,,2026-01-28
2026-01-29,Misery,1990,https://boxd.it/cScH7P,3,,,2026-01-28
2026-01-29,Free Guy,2021,https://boxd.it/cScI1D,3,,,2026-01-28
2026-01-29,Men in Black,1997,https://boxd.it/cScIn5,4,,,2026-01-28
2026-01-29,Hellboy,2004,https://boxd.it/cScIMz,3.5,,,2026-01-28
2026-01-29,Hellboy II: The Golden Army,2008,https://boxd.it/cScIX3,3,,,2026-01-28
2026-01-29,Monty Python and the Holy Grail,1975,https://boxd.it/cScJWZ,3,,,2026-01-28
2026-01-29,Scent of a Woman,1992,https://boxd.it/cScKcj,1.5,,,2026-01-28
2026-01-29,Speed,1994,https://boxd.it/cScKKl,3,,,2026-01-28
2026-01-29,Yes Man,2008,https://boxd.it/cScLKr,3,,,2026-01-28
2026-01-29,The King's Speech,2010,https://boxd.it/cScMsN,4,,,2026-01-28
2026-01-29,Real Steel,2011,https://boxd.it/cScN4d,3.5,,,2026-01-28
2026-01-29,The Fall Guy,2024,https://boxd.it/cScNif,3,,,2026-01-28
2026-01-29,Full Metal Jacket,1987,https://boxd.it/cScNYF,4,,,2026-01-28
2026-01-29,Rear Window,1954,https://boxd.it/cScPvZ,4,,,2026-01-28
2026-01-29,Modern Times,1936,https://boxd.it/cScQuD,3.5,,,2026-01-28
2026-01-29,Annie Hall,1977,https://boxd.it/cScSSH,3.5,,,2026-01-28
2026-01-29,Midnight Cowboy,1969,https://boxd.it/cScVSb,2,,,2026-01-28
2026-01-29,Mirror,1975,https://boxd.it/cSd1iX,4.5,,,2026-01-28
2026-01-29,The Last Emperor,1987,https://boxd.it/cSddVd,3.5,,,2026-01-28
2026-01-29,Dial M for Murder,1954,https://boxd.it/cSdfnn,3.5,,,2026-01-28
2026-01-29,The Texas Chain Saw Massacre,1974,https://boxd.it/cSdhXR,3,,,2026-01-28
2026-01-29,Elvis,2022,https://boxd.it/cSdplB,3,,,2026-01-28
2026-01-29,Squid Game,2021,https://boxd.it/cSdq0J,3,,,2026-01-28
2026-01-29,"tick, tick... BOOM!",2021,https://boxd.it/cSdqsD,4.5,,,2026-01-28
2026-01-29,Elemental,2023,https://boxd.it/cSdqUn,3.5,,,2026-01-28
2026-01-29,Palm Springs,2020,https://boxd.it/cSdr8T,4,,,2026-01-28
2026-01-29,The Queen's Gambit,2020,https://boxd.it/cSdruZ,3.5,,,2026-01-28
2026-01-29,Together,2025,https://boxd.it/cSds65,0.5,,,2026-01-28
2026-01-29,Normal People,2020,https://boxd.it/cSdt3h,2.5,,,2026-01-28
2026-01-29,Dungeons & Dragons: Honor Among Thieves,2023,https://boxd.it/cSdtqZ,3,,,2026-01-28
2026-01-29,The Monkey,2025,https://boxd.it/cSdtJ3,0.5,,,2026-01-28
2026-01-29,Immaculate,2024,https://boxd.it/cSduQ5,2,,,2026-01-28
2026-01-29,Moana 2,2024,https://boxd.it/cSdv5p,3,,,2026-01-28
2026-01-29,Titane,2021,https://boxd.it/cSdwbN,0.5,,,2026-01-28
2026-01-29,Fear Street: 1994,2021,https://boxd.it/cSdxrn,,,,2026-01-28
2026-01-29,Old,2021,https://boxd.it/cSdxAJ,3,,,2026-01-28
2026-01-29,Baby Reindeer,2024,https://boxd.it/cSdybF,2,,,2026-01-28
2026-01-29,Lilo & Stitch,2025,https://boxd.it/cSdypR,3,,,2026-01-28
2026-01-29,The Flash,2023,https://boxd.it/cSdz0D,2.5,,,2026-01-28
2026-01-29,Zack Snyder's Justice League,2021,https://boxd.it/cSdzMx,4,,,2026-01-28
2026-01-29,Bo Burnham: Inside,2021,https://boxd.it/cSdAjV,4.5,,,2026-01-28
2026-01-29,Venom: The Last Dance,2024,https://boxd.it/cSdAyh,3,,,2026-01-28
2026-01-29,The Devil All the Time,2020,https://boxd.it/cSdASV,2,,,2026-01-28
2026-01-29,Sing Sing,2023,https://boxd.it/cSdBmr,2,,,2026-01-28
2026-01-29,Terrifier 2,2022,https://boxd.it/cSdCuV,2.5,,,2026-01-28
2026-01-29,Suzume,2022,https://boxd.it/cSdD2t,3,,,2026-01-28
2026-01-29,RRR,2022,https://boxd.it/cSdDx7,5,,,2026-01-28
2026-01-29,Until Dawn,2025,https://boxd.it/cSdE0N,2.5,,,2026-01-28
2026-01-29,Kung Fu Panda 4,2024,https://boxd.it/cSdEOt,2.5,,,2026-01-28
2026-01-29,Red Notice,2021,https://boxd.it/cSdFwb,3,,,2026-01-28
2026-01-29,Red One,2024,https://boxd.it/cSdGlj,3,,,2026-01-28
2026-01-29,No One Will Save You,2023,https://boxd.it/cSdJSF,2,,,2026-01-28
2026-01-29,Jujutsu Kaisen 0,2021,https://boxd.it/cSdK8j,4,,,2026-01-28
2026-01-29,Kneecap,2024,https://boxd.it/cSdKnj,4,,,2026-01-28
2026-01-29,The Cranes Are Flying,1957,https://boxd.it/cSdPKd,4,,,2026-01-28
2026-01-29,Ivan's Childhood,1962,https://boxd.it/cSdQkl,4.5,,,2026-01-28
2026-01-29,The Very Same Munchhausen,1979,https://boxd.it/cSdRoN,3,,,2026-01-28
2026-01-29,Mimino,1977,https://boxd.it/cSdRQR,,,,2026-01-28
2026-01-29,Courier,1986,https://boxd.it/cSdSuR,3.5,,,2026-01-28
2026-01-29,Heart of a Dog,1988,https://boxd.it/cSdSKZ,3,,,2026-01-28
2026-01-29,Three Poplars on Plyuschikha Street,1968,https://boxd.it/cSdTa9,3.5,,,2026-01-28
2026-01-29,"Welcome, or No Trespassing",1964,https://boxd.it/cSdTuj,4,,,2026-01-28
2026-01-29,Office Romance,1977,https://boxd.it/cSdTON,3,,,2026-01-28
2026-01-29,Only Old Men Are Going to Battle,1973,https://boxd.it/cSdUE5,3.5,,,2026-01-28
2026-01-29,Assa,1987,https://boxd.it/cSdV8f,3,,,2026-01-28
2026-01-29,The Secret of the Third Planet,1981,https://boxd.it/cSdVmL,3,,,2026-01-28
2026-01-29,An Unfinished Piece for Player Piano,1977,https://boxd.it/cSdVRf,3.5,,,2026-01-28
2026-01-29,The Pokrovsky Gates,1982,https://boxd.it/cSdWaV,4.5,,,2026-01-28
2026-01-29,Ordinary Miracle,1978,https://boxd.it/cSdWZT,3,,,2026-01-28
2026-01-29,The Garage,1979,https://boxd.it/cSdXnB,,,,2026-01-28
2026-01-29,The Diamond Arm,1968,https://boxd.it/cSdXKF,3.5,,,2026-01-28
2026-01-29,Scarecrow,1983,https://boxd.it/cSdYlh,3.5,,,2026-01-28
2026-01-29,Kin-dza-dza!,1986,https://boxd.it/cSdYUr,3.5,,,2026-01-28
2026-01-29,Gentlemen of Fortune,1971,https://boxd.it/cSdZbH,4,,,2026-01-28
2026-01-29,Sunshine,2007,https://boxd.it/cSfWSx,3,,,2026-01-28
2026-01-29,Marty Supreme,2025,https://boxd.it/cShmP7,0.5,,,2026-01-28
2026-01-29,One Battle After Another,2025,https://boxd.it/cShnd9,0.5,,,2026-01-28
2026-01-29,Wake Up Dead Man,2025,https://boxd.it/cShnmP,3.5,,,2026-01-28
2026-01-29,Superman,2025,https://boxd.it/cShnu5,3.5,,,2026-01-28
2026-01-29,F1,2025,https://boxd.it/cShnA3,4,,,2026-01-28
2026-01-29,Scanners,1981,https://boxd.it/cShvwj,2,,,2026-01-28
2026-01-29,Call Me by Your Name,2017,https://boxd.it/cSntMh,2,,,2026-01-28
2026-01-29,Knockin' on Heaven's Door,1997,https://boxd.it/cSoDA3,5,,,2026-01-28
2026-01-29,The Young Pope,2016,https://boxd.it/cSoDVP,4,,,2026-01-28
2026-01-29,"Comrades, Almost a Love Story",1996,https://boxd.it/cSoExz,5,,,2026-01-28
2026-01-29,Dad Croaked on Saturday,2024,https://boxd.it/cT0RMN,3,,,2026-01-29
2026-01-29,Dead Talents Society,2024,https://boxd.it/cT0SGr,5,,,2026-01-29
2026-01-29,A Rainy Day in New York,2019,https://boxd.it/cT0SSH,3,,,2026-01-29
2026-01-29,Blue Jay,2016,https://boxd.it/cT0TIt,3,,,2026-01-29
2026-01-29,Crazy World,2014,https://boxd.it/cT0U8B,3,,,2026-01-29
2026-01-29,Zack and Miri Make a Porno,2008,https://boxd.it/cT0UpH,4.5,,,2026-01-29
2026-01-29,Stuart: A Life Backwards,2007,https://boxd.it/cT0UWh,3,,,2026-01-29
2026-01-29,Breath,2007,https://boxd.it/cT0V9l,3,,,2026-01-29
2026-01-29,Kinky Boots,2005,https://boxd.it/cT0Vhf,3.5,,,2026-01-29
2026-01-29,About a Boy,2002,https://boxd.it/cT0Vrp,3.5,,,2026-01-29
2026-01-29,200 Cigarettes,1999,https://boxd.it/cT0VCR,4.5,,,2026-01-29
2026-01-29,The Party,1980,https://boxd.it/cT0W0p,3.5,,,2026-01-29
2026-01-29,Boniface's Holiday,1965,https://boxd.it/cT0W63,4,,,2026-01-29
2026-01-29,The Incredible Adventures of Shurik,2025,https://boxd.it/cT0WsD,2,,,2026-01-29
2026-01-29,Christmas Above the Clouds,2025,https://boxd.it/cT0WBl,3,,,2026-01-29
2026-01-29,Heads of State,2025,https://boxd.it/cT0WR9,1.5,,,2026-01-29
2026-01-29,Exit 8,2025,https://boxd.it/cT0XdJ,2,,,2026-01-29
2026-01-29,Not Like Dad 2: Granddad,2025,https://boxd.it/cT0XkF,2.5,,,2026-01-29
2026-01-29,"Secret Level - Warhammer 40,000: And They Shall Know No Fear",2024,https://boxd.it/cT0XTZ,4.5,,,2026-01-29
2026-01-29,The Enchanted Tinderbox,2024,https://boxd.it/cT0Yw3,2,,,2026-01-29
2026-01-29,Falling in Love Like in Movies,2023,https://boxd.it/cT0Zf3,4.5,,,2026-01-29
2026-01-29,Das Beste kommt noch!,2023,https://boxd.it/cT0ZPP,3,,,2026-01-29
2026-01-29,Humanist Vampire Seeking Consenting Suicidal Person,2023,https://boxd.it/cT11nt,2,,,2026-01-29
2026-01-29,The Taste of Things,2023,https://boxd.it/cT11Pd,3.5,,,2026-01-29
2026-01-29,Ride On,2023,https://boxd.it/cT15A7,3,,,2026-01-29
2026-01-29,Tetris,2023,https://boxd.it/cT15Gf,1,,,2026-01-29
2026-01-29,King & Jester,2023,https://boxd.it/cT15Ot,4,,,2026-01-29
2026-01-29,BlackBerry,2023,https://boxd.it/cT16c1,,,,2026-01-29
2026-01-29,The Greatest Beer Run Ever,2022,https://boxd.it/cT17ub,3,,,2026-01-29
2026-01-29,What's Love Got to Do with It?,2022,https://boxd.it/cT17I3,3.5,,,2026-01-29
2026-01-29,Return to Seoul,2022,https://boxd.it/cT197j,3.5,,,2026-01-29
2026-01-29,The No Man Zone. The Movie,2022,https://boxd.it/cT19yT,2,,,2026-01-29
2026-01-29,Chickenhare and the Hamster of Darkness,2022,https://boxd.it/cT1a0D,4,,,2026-01-29
2026-01-29,Harry Potter 20th Anniversary: Return to Hogwarts,2022,https://boxd.it/cT1avh,4,,,2026-01-29
2026-01-29,Scenes from a Marriage,2021,https://boxd.it/cT1aMd,5,,,2026-01-29
2026-01-29,Vacation Friends,2021,https://boxd.it/cT1aU7,5,,,2026-01-29
2026-01-29,After Yang,2021,https://boxd.it/cT1byr,2,,,2026-01-29
2026-01-29,Not Like Dad,2021,https://boxd.it/cT1bMD,4,,,2026-01-29
2026-01-29,Extinct,2021,https://boxd.it/cT1bZn,5,,,2026-01-29
2026-01-29,Billie Eilish: The World's a Little Blurry,2021,https://boxd.it/cT1cal,3.5,,,2026-01-29
2026-01-29,Moscow Does Not Happen,2020,https://boxd.it/cT1d5h,2.5,,,2026-01-29
2026-01-29,Psycho,2020,https://boxd.it/cT1di1,3.5,,,2026-01-29
2026-01-29,Deeper!,2020,https://boxd.it/cT1dB3,4.5,,,2026-01-29
2026-01-29,Man From Podolsk,2020,https://boxd.it/cT1dHP,3,,,2026-01-29
2026-01-29,Chicks,2020,https://boxd.it/cT1ekx,4,,,2026-01-29
2026-01-29,Banksy Most Wanted,2020,https://boxd.it/cT1eBj,3,,,2026-01-29
2026-01-29,Scare Me,2020,https://boxd.it/cT1fg7,3,,,2026-01-29
2026-01-29,The New Pope,2020,https://boxd.it/cT1fEj,4.5,,,2026-01-29
2026-01-29,With Closed Windows,2019,https://boxd.it/cT1g7v,3,,,2026-01-29
2026-01-29,The Goldfinch,2019,https://boxd.it/cT1gBF,4,,,2026-01-29
2026-01-29,Marriage Story,2019,https://boxd.it/cT1i4X,3.5,,,2026-01-29
2026-01-29,Play,2019,https://boxd.it/cT1isl,4.5,,,2026-01-29
2026-01-29,Rascal Does Not Dream of a Dreaming Girl,2019,https://boxd.it/cT1iWv,4,,,2026-01-29
2026-01-29,A Dog's Journey,2019,https://boxd.it/cT1jTx,3,,,2026-01-29
2026-01-29,HOMECOMING: A film by Beyoncé,2019,https://boxd.it/cT1kvV,3,,,2026-01-29
2026-01-29,CAROLE & TUESDAY,2019,https://boxd.it/cT1kFr,4,,,2026-01-29
2026-01-29,Loud Connection,2019,https://boxd.it/cT1kQJ,,,,2026-01-29
2026-01-29,The Last Black Man in San Francisco,2019,https://boxd.it/cT1kWn,3,,,2026-01-29
2026-01-29,War of Art,2019,https://boxd.it/cT1lnX,3,,,2026-01-29
2026-01-29,Celebration,2019,https://boxd.it/cT1lRD,3,,,2026-01-29
2026-01-29,Instant Family,2018,https://boxd.it/cT1mK9,,,,2026-01-29
2026-01-29,The Soul-Mate,2018,https://boxd.it/cT1nhH,3,,,2026-01-29
2026-01-29,The Sisters Brothers,2018,https://boxd.it/cT1nzr,3.5,,,2026-01-29
2026-01-29,Who Is America?,2018,https://boxd.it/cT1oBD,3.5,,,2026-01-29
2026-01-29,Ant-Man and the Wasp,2018,https://boxd.it/cT1pUL,2.5,,,2026-01-29
2026-01-29,Shoplifters,2018,https://boxd.it/cT1qHD,3.5,,,2026-01-29
2026-01-29,Sink or Swim,2018,https://boxd.it/cT1qTf,4.5,,,2026-01-29
2026-01-29,Cold War,2018,https://boxd.it/cT1raF,3,,,2026-01-29
2026-01-29,Maquia: When the Promised Flower Blooms,2018,https://boxd.it/cT1rK9,4.5,,,2026-01-29
2026-01-29,Arrhythmia,2017,https://boxd.it/cT1trt,4.5,,,2026-01-29
2026-01-29,Pirates of the Caribbean: Dead Men Tell No Tales,2017,https://boxd.it/cT1tBj,4,,,2026-01-29
2026-01-29,Big Little Lies,2017,https://boxd.it/cT1tXf,4.5,,,2026-01-29
2026-01-29,My Blind Date with Life,2017,https://boxd.it/cT1und,3.5,,,2026-01-29
2026-01-29,Piper,2016,https://boxd.it/cT1vaT,4,,,2026-01-29
2026-01-29,Train to Busan,2016,https://boxd.it/cT1vqd,4,,,2026-01-29
2026-01-29,Pelé: Birth of a Legend,2016,https://boxd.it/cT1vvR,,,,2026-01-29
2026-01-29,Southside with You,2016,https://boxd.it/cT1vSr,3,,,2026-01-29
2026-01-29,A Man Called Ove,2015,https://boxd.it/cT1w69,4,,,2026-01-29
2026-01-29,Show Me a Hero,2015,https://boxd.it/cT1whh,3,,,2026-01-29
2026-01-29,The Gift,2015,https://boxd.it/cT1wE1,0.5,,,2026-01-29
2026-01-29,The Land of OZ,2015,https://boxd.it/cT1wS3,4,,,2026-01-29
2026-01-29,Youth,2015,https://boxd.it/cT1wXR,4.5,,,2026-01-29
2026-01-29,Attack on Titan: No Regrets,2014,https://boxd.it/cT1yR7,3.5,,,2026-01-29
2026-01-29,Olive Kitteridge,2014,https://boxd.it/cT1z09,4.5,,,2026-01-29
2026-01-29,Bitterly! 2,2014,https://boxd.it/cT1zaX,2,,,2026-01-29
2026-01-29,The Prom,2014,https://boxd.it/cT1zn3,2,,,2026-01-29
2026-01-29,Terror in Resonance,2014,https://boxd.it/cT1A3t,4,,,2026-01-29
2026-01-29,Filth,2013,https://boxd.it/cT1AMt,4,,,2026-01-29
2026-01-29,What If,2013,https://boxd.it/cT1B1N,4,,,2026-01-29
2026-01-29,The Internship,2013,https://boxd.it/cT1BFX,3.5,,,2026-01-29
2026-01-29,Pain & Gain,2013,https://boxd.it/cT1Cwn,1,,,2026-01-29
2026-01-29,Black Mirror: White Bear,2013,https://boxd.it/cT1CPz,3,,,2026-01-29
2026-01-29,The Best Offer,2013,https://boxd.it/cT1DO3,3,,,2026-01-29
2026-01-29,And Here's What's Happening to Me,2012,https://boxd.it/cT1FhP,3.5,,,2026-01-29
2026-01-29,Short Stories,2012,https://boxd.it/cT1FGb,3,,,2026-01-29
2026-01-29,Looper,2012,https://boxd.it/cT1FP3,2,,,2026-01-29
2026-01-29,End of Watch,2012,https://boxd.it/cT1FYJ,4.5,,,2026-01-29
2026-01-29,Vamps,2012,https://boxd.it/cT1GaZ,2.5,,,2026-01-29
2026-01-29,Premium Rush,2012,https://boxd.it/cT1Ghh,3,,,2026-01-29
2026-01-29,Ruby Sparks,2012,https://boxd.it/cT1GV7,3.5,,,2026-01-29
2026-01-30,Rango,2011,https://boxd.it/cTsLx9,4,,,2026-01-30
2026-01-31,The Wonderful Story of Henry Sugar,2023,https://boxd.it/cUhsHV,4.5,,,2026-01-31
2026-02-01,The Lord of the Rings: The Fellowship of the Ring,2001,https://boxd.it/cUWrmp,4.5,Yes,,2026-01-31
2026-02-01,Knockin' on Heaven's Door,1997,https://boxd.it/cW6YYv,5,Yes,,2026-02-01
2026-02-02,Knight of Cups,2015,https://boxd.it/cXebcd,2,,,2026-02-01
2026-02-02,Anima,2019,https://boxd.it/cXedSF,2,,,2026-02-01
2026-02-02,Lupin III: The First,2019,https://boxd.it/cXefLL,4,,,2026-02-01
2026-02-05,The Broken Hearts Club: A Romantic Comedy,2000,https://boxd.it/cZfAXt,3.5,,,2026-02-04
