Date,Name,Year,Letterboxd URI,Rating
2026-01-29,Parasite,2019,https://boxd.it/hTha,5
2026-01-29,Interstellar,2014,https://boxd.it/4VZ8,5
2026-01-29,Barbie,2023,https://boxd.it/bCLK,3
2026-01-29,Fight Club,1999,https://boxd.it/2a9q,4
2026-01-29,La La Land,2016,https://boxd.it/a5fa,2
2026-01-29,Whiplash,2014,https://boxd.it/7bQA,4
2026-01-29,Everything Everywhere All at Once,2022,https://boxd.it/jUk4,5
2026-01-29,The Truman Show,1998,https://boxd.it/18U8,4
2026-01-29,Pulp Fiction,1994,https://boxd.it/29Pq,3.5
2026-01-29,Dead Poets Society,1989,https://boxd.it/2aSg,2
2026-01-29,Eternal Sunshine of the Spotless Mind,2004,https://boxd.it/6YK,4.5
2026-01-29,Get Out,2017,https://boxd.it/eOCm,3
2026-01-29,Dune,2021,https://boxd.it/fA7G,4
2026-01-29,Spider-Man: Into the Spider-Verse,2018,https://boxd.it/azpY,4.5
2026-01-29,Joker,2019,https://boxd.it/h4cS,4.5
2026-01-29,The Dark Knight,2008,https://boxd.it/2b0k,5
2026-01-29,Knives Out,2019,https://boxd.it/jWEA,4.5
2026-01-29,Inception,2010,https://boxd.it/1skk,3
2026-01-29,American Psycho,2000,https://boxd.it/28Vs,3
2026-01-29,Spirited Away,2001,https://boxd.it/2b4m,4
2026-01-29,The Wolf of Wall Street,2013,https://boxd.it/3C1m,4
2026-01-29,Superman,2025,https://boxd.it/E9IU,3.5
2026-01-29,Dune: Part Two,2024,https://boxd.it/pUfA,3.5
2026-01-29,Spider-Man: Across the Spider-Verse,2023,https://boxd.it/kSz4,5
2026-01-29,Se7en,1995,https://boxd.it/29zs,2
2026-01-29,Forrest Gump,1994,https://boxd.it/728,3
2026-01-29,The Grand Budapest Hotel,2014,https://boxd.it/3ZqO,3.5
2026-01-29,Challengers,2024,https://boxd.it/zld0,2
2026-01-29,Saltburn,2023,https://boxd.it/z4eg,1
2026-01-29,Inglourious Basterds,2009,https://boxd.it/1JzG,3
2026-01-29,The Shining,1980,https://boxd.it/29Nu,2.5
2026-01-29,Kill Bill: Vol. 1,2003,https://boxd.it/70w,3
2026-01-29,The Perks of Being a Wallflower,2012,https://boxd.it/2ZA8,4
2026-01-29,The Silence of the Lambs,1991,https://boxd.it/2aHW,3.5
2026-01-29,(500) Days of Summer,2009,https://boxd.it/1EmM,3.5
2026-01-29,Little Women,2019,https://boxd.it/aSVk,3.5
2026-01-29,Shutter Island,2010,https://boxd.it/1U82,4.5
2026-01-29,The Menu,2022,https://boxd.it/lScm,2.5
2026-01-29,Once Upon a Time... in Hollywood,2019,https://boxd.it/gH0O,2.5
2026-01-29,Fantastic Mr. Fox,2009,https://boxd.it/1WyQ,3
2026-01-29,Ratatouille,2007,https://boxd.it/27ww,4
2026-01-29,Django Unchained,2012,https://boxd.it/2cCk,4.5
2026-01-29,Avengers: Infinity War,2018,https://boxd.it/9vEe,4.5
2026-01-29,Avengers: Endgame,2019,https://boxd.it/9vE4,3.5
2026-01-29,The Shawshank Redemption,1994,https://boxd.it/2aHi,4.5
2026-01-29,The Lord of the Rings: The Fellowship of the Ring,2001,https://boxd.it/2b5O,4.5
2026-01-29,One Battle After Another,2025,https://boxd.it/DUHM,0.5
2026-01-29,Baby Driver,2017,https://boxd.it/bhF2,3.5
2026-01-29,The Matrix,1999,https://boxd.it/2a1m,3.5
2026-01-29,Hereditary,2018,https://boxd.it/hNVe,3
2026-01-29,Deadpool & Wolverine,2024,https://boxd.it/jq8s,3
2026-01-29,Titanic,1997,https://boxd.it/2a2k,3
2026-01-29,Scott Pilgrim vs. the World,2010,https://boxd.it/1Aq6,4.5
2026-01-29,The Hunger Games,2012,https://boxd.it/2uds,3.5
2026-01-29,Inside Out 2,2024,https://boxd.it/CFrC,4.5
2026-01-29,Little Miss Sunshine,2006,https://boxd.it/29EW,1
2026-01-29,Harry Potter and the Prisoner of Azkaban,2004,https://boxd.it/29Qy,4
2026-01-29,Inside Out,2015,https://boxd.it/4KHC,4
2026-01-29,Harry Potter and the Philosopher's Stone,2001,https://boxd.it/29QS,3.5
2026-01-29,Coco,2017,https://boxd.it/bYJQ,4.5
2026-01-29,The Notebook,2004,https://boxd.it/1UNE,3
2026-01-29,Back to the Future,1985,https://boxd.it/2b8e,2
2026-01-29,Howl's Moving Castle,2004,https://boxd.it/23De,3
2026-01-29,Pearl,2022,https://boxd.it/zPbe,2.5
2026-01-29,Guardians of the Galaxy,2014,https://boxd.it/3VH2,4
2026-01-29,Avatar,2009,https://boxd.it/1Efm,4
2026-01-29,Home Alone,1990,https://boxd.it/29Fg,2.5
2026-01-29,Up,2009,https://boxd.it/1OEc,3.5
2026-01-29,Blade Runner 2049,2017,https://boxd.it/b8wK,3
2026-01-29,Wake Up Dead Man,2025,https://boxd.it/uAKS,3.5
2026-01-29,Star Wars,1977,https://boxd.it/72s,3.5
2026-01-29,It,2017,https://boxd.it/bC8e,3
2026-01-29,Nope,2022,https://boxd.it/sDCe,0.5
2026-01-29,WALL·E,2008,https://boxd.it/1VEo,3
2026-01-29,Shrek,2001,https://boxd.it/29zi,4.5
2026-01-29,Catch Me If You Can,2002,https://boxd.it/29VS,3.5
2026-01-29,Deadpool,2016,https://boxd.it/9fOC,3
2026-01-29,Us,2019,https://boxd.it/gnV6,2.5
2026-01-29,Memento,2000,https://boxd.it/2bcK,3
2026-01-29,Soul,2020,https://boxd.it/ioLA,3
2026-01-29,The Holdovers,2023,https://boxd.it/vHza,3.5
2026-01-29,Marty Supreme,2025,https://boxd.it/Off0,0.5
2026-01-29,Drive,2011,https://boxd.it/IG,3.5
2026-01-29,Bullet Train,2022,https://boxd.it/qW26,2
2026-01-29,Requiem for a Dream,2000,https://boxd.it/29VI,3.5
2026-01-29,Mad Max: Fury Road,2015,https://boxd.it/2DjO,3
2026-01-29,Guardians of the Galaxy Vol. 3,2023,https://boxd.it/fVNI,4.5
2026-01-29,Don't Look Up,2021,https://boxd.it/o0Hc,2
2026-01-29,The Avengers,2012,https://boxd.it/1xFW,3
2026-01-29,Thunderbolts*,2025,https://boxd.it/BfbQ,2.5
2026-01-29,The Lord of the Rings: The Return of the King,2003,https://boxd.it/2b5u,5
2026-01-29,Superbad,2007,https://boxd.it/20hO,3
2026-01-29,Twilight,2008,https://boxd.it/1Zui,3.5
2026-01-29,Spider-Man,2002,https://boxd.it/2a8i,3.5
2026-01-29,Harry Potter and the Goblet of Fire,2005,https://boxd.it/29Qo,3.5
2026-01-29,The Lighthouse,2019,https://boxd.it/icFU,2.5
2026-01-29,My Neighbor Totoro,1988,https://boxd.it/20eA,3
2026-01-29,Star Wars: Episode III – Revenge of the Sith,2005,https://boxd.it/27US,3
2026-01-29,Brokeback Mountain,2005,https://boxd.it/2b2q,1.5
2026-01-29,Before Sunrise,1995,https://boxd.it/2bcU,4
2026-01-29,Gladiator,2000,https://boxd.it/2b9m,3
2026-01-29,Harry Potter and the Chamber of Secrets,2002,https://boxd.it/29QI,3.5
2026-01-29,The Empire Strikes Back,1980,https://boxd.it/27Vw,3
2026-01-29,The Lord of the Rings: The Two Towers,2002,https://boxd.it/2b5E,5
2026-01-29,The Hunger Games: Catching Fire,2013,https://boxd.it/3sAw,3
2026-01-29,Oldboy,2003,https://boxd.it/29R2,3
2026-01-29,Toy Story,1995,https://boxd.it/29qA,2.5
2026-01-29,The Incredibles,2004,https://boxd.it/1XLm,4.5
2026-01-29,The Prestige,2006,https://boxd.it/293w,3.5
2026-01-29,Lost in Translation,2003,https://boxd.it/2b0E,4
2026-01-29,F1,2025,https://boxd.it/yjVM,4
2026-01-29,"Monsters, Inc.",2001,https://boxd.it/2a46,4.5
2026-01-29,Thor: Ragnarok,2017,https://boxd.it/8MHi,4.5
2026-01-29,Finding Nemo,2003,https://boxd.it/72i,4
2026-01-29,Spider-Man 2,2004,https://boxd.it/2a88,3
2026-01-29,Puss in Boots: The Last Wish,2022,https://boxd.it/aaie,5
2026-01-29,Princess Mononoke,1997,https://boxd.it/2b4w,5
2026-01-29,Harry Potter and the Deathly Hallows: Part 2,2011,https://boxd.it/1RYk,3.5
2026-01-29,The Nightmare Before Christmas,1993,https://boxd.it/1YzQ,3
2026-01-29,Doctor Strange in the Multiverse of Madness,2022,https://boxd.it/gaTc,2
2026-01-29,Batman Begins,2005,https://boxd.it/2aIg,3
2026-01-29,Harry Potter and the Order of the Phoenix,2007,https://boxd.it/29Qe,3
2026-01-29,Perfect Blue,1997,https://boxd.it/1W7A,3
2026-01-29,Schindler's List,1993,https://boxd.it/2aq2,3
2026-01-29,A Clockwork Orange,1971,https://boxd.it/2aVE,3
2026-01-29,Tenet,2020,https://boxd.it/leq4,3.5
2026-01-29,The Dark Knight Rises,2012,https://boxd.it/H3m,4
2026-01-29,Guardians of the Galaxy Vol. 2,2017,https://boxd.it/8MxC,4.5
2026-01-29,Eyes Wide Shut,1999,https://boxd.it/2axs,3.5
2026-01-29,Shrek 2,2004,https://boxd.it/29z8,3
2026-01-29,Corpse Bride,2005,https://boxd.it/24WQ,3
2026-01-29,There Will Be Blood,2007,https://boxd.it/20Z2,0.5
2026-01-29,The Lion King,1994,https://boxd.it/201Q,4
2026-01-29,Harry Potter and the Half-Blood Prince,2009,https://boxd.it/29FU,3.5
2026-01-29,Edward Scissorhands,1990,https://boxd.it/2aZc,3
2026-01-29,Kill Bill: Vol. 2,2004,https://boxd.it/2au4,4
2026-01-29,Blade Runner,1982,https://boxd.it/2bcA,3
2026-01-29,Pirates of the Caribbean: The Curse of the Black Pearl,2003,https://boxd.it/70G,3.5
2026-01-29,Harry Potter and the Deathly Hallows: Part 1,2010,https://boxd.it/1RYu,3
2026-01-29,The Witch,2015,https://boxd.it/9X0m,3
2026-01-29,The Departed,2006,https://boxd.it/28MA,4.5
2026-01-29,Star Wars: Episode I – The Phantom Menace,1999,https://boxd.it/27Vc,3.5
2026-01-29,Zootopia,2016,https://boxd.it/84xS,5
2026-01-29,The Conjuring,2013,https://boxd.it/4sr2,3
2026-01-29,When Harry Met Sally...,1989,https://boxd.it/29W2,3.5
2026-01-29,Return of the Jedi,1983,https://boxd.it/27Vm,3
2026-01-29,Split,2016,https://boxd.it/dgSy,3
2026-01-29,How to Train Your Dragon,2010,https://boxd.it/1WRy,4
2026-01-29,The Hangover,2009,https://boxd.it/1GjK,4
2026-01-29,Avengers: Age of Ultron,2015,https://boxd.it/3qi6,3
2026-01-29,The Banshees of Inisherin,2022,https://boxd.it/p7XS,3
2026-01-29,Notting Hill,1999,https://boxd.it/2aeK,3.5
2026-01-29,In the Mood for Love,2000,https://boxd.it/29tE,4.5
2026-01-29,Heretic,2024,https://boxd.it/H1lY,2
2026-01-29,Flow,2024,https://boxd.it/v1Ei,3.5
2026-01-29,Cars,2006,https://boxd.it/29ho,3.5
2026-01-29,The Martian,2015,https://boxd.it/8SeG,2.5
2026-01-29,Your Name.,2016,https://boxd.it/cUqs,4
2026-01-29,City of God,2002,https://boxd.it/2a2a,4.5
2026-01-29,Saving Private Ryan,1998,https://boxd.it/29ro,3
2026-01-29,Star Wars: Episode II – Attack of the Clones,2002,https://boxd.it/27V2,2.5
2026-01-29,Léon: The Professional,1994,https://boxd.it/2b8S,3.5
2026-01-29,Isle of Dogs,2018,https://boxd.it/dZrW,3
2026-01-29,La Haine,1995,https://boxd.it/2as8,3
2026-01-29,The Great Gatsby,2013,https://boxd.it/JY,3.5
2026-01-29,The Iron Claw,2023,https://boxd.it/w5Pm,3
2026-01-29,The Big Lebowski,1998,https://boxd.it/2b6C,2
2026-01-29,Charlie and the Chocolate Factory,2005,https://boxd.it/2b68,2.5
2026-01-29,The Hunger Games: Mockingjay – Part 1,2014,https://boxd.it/4hka,2
2026-01-29,Moana,2016,https://boxd.it/8tfY,4.5
2026-01-29,Frozen,2013,https://boxd.it/3GNa,3.5
2026-01-29,Encanto,2021,https://boxd.it/kPRu,3
2026-01-29,The Suicide Squad,2021,https://boxd.it/fw6O,3
2026-01-29,Love Actually,2003,https://boxd.it/2aeU,4
2026-01-29,Black Widow,2021,https://boxd.it/hWV8,2.5
2026-01-29,The Green Mile,1999,https://boxd.it/2agG,4
2026-01-29,Ocean's Eleven,2001,https://boxd.it/2aZm,3.5
2026-01-29,Birdman or (The Unexpected Virtue of Ignorance),2014,https://boxd.it/5RFA,4
2026-01-29,Thor: Love and Thunder,2022,https://boxd.it/mMAY,3
2026-01-29,American Beauty,1999,https://boxd.it/71Y,2.5
2026-01-29,Smile,2022,https://boxd.it/xjfE,3.5
2026-01-29,"The French Dispatch of the Liberty, Kansas Evening Sun",2021,https://boxd.it/jLP8,4
2026-01-29,Logan,2017,https://boxd.it/7Piy,4.5
2026-01-29,Moonrise Kingdom,2012,https://boxd.it/2Wng,4.5
2026-01-29,Big Hero 6,2014,https://boxd.it/5rje,3.5
2026-01-29,The Revenant,2015,https://boxd.it/8H5e,3.5
2026-01-29,Iron Man 2,2010,https://boxd.it/1WZM,2.5
2026-01-29,The Hunger Games: Mockingjay – Part 2,2015,https://boxd.it/4hk0,2
2026-01-29,Kung Fu Panda,2008,https://boxd.it/1Yws,4
2026-01-29,The Handmaiden,2016,https://boxd.it/948A,5
2026-01-29,The Nice Guys,2016,https://boxd.it/94Hg,2
2026-01-29,Kiki's Delivery Service,1989,https://boxd.it/1JAY,2.5
2026-01-29,Kingsman: The Secret Service,2014,https://boxd.it/6dxe,4
2026-01-29,The Princess Bride,1987,https://boxd.it/26EY,2.5
2026-01-29,Anaconda,2025,https://boxd.it/KV9g,2
2026-01-29,Die My Love,2025,https://boxd.it/D5cI,0.5
2026-01-29,Me Before You,2016,https://boxd.it/9n98,4
2026-01-29,Chainsaw Man – The Movie: Reze Arc,2025,https://boxd.it/Kgyu,4.5
2026-01-29,Gone Girl,2014,https://boxd.it/6hQu,4
2026-01-29,Mr. & Mrs. Smith,2005,https://boxd.it/29CG,3.5
2026-01-29,The Life of Chuck,2024,https://boxd.it/vMTu,1
2026-01-29,Children of Men,2006,https://boxd.it/1Y2i,5
2026-01-29,Perfect Days,2023,https://boxd.it/ATh8,3.5
2026-01-29,The Twilight Saga: New Moon,2009,https://boxd.it/1Hj2,3
2026-01-29,How to Train Your Dragon,2025,https://boxd.it/F7Je,4
2026-01-29,It Chapter Two,2019,https://boxd.it/h10u,3
2026-01-29,Project X,2012,https://boxd.it/neO,3
2026-01-29,School of Rock,2003,https://boxd.it/28xK,3
2026-01-29,The Terminal,2004,https://boxd.it/2a2O,3.5
2026-01-29,The Usual Suspects,1995,https://boxd.it/29XE,4
2026-01-29,Casablanca,1942,https://boxd.it/2aG0,4.5
2026-01-29,The Twilight Saga: Breaking Dawn – Part 1,2011,https://boxd.it/DdM,2
2026-01-29,Madagascar,2005,https://boxd.it/29dc,4
2026-01-29,Look Back,2024,https://boxd.it/LjA6,3.5
2026-01-29,The Twilight Saga: Breaking Dawn – Part 2,2012,https://boxd.it/DdC,4.5
2026-01-29,The Pursuit of Happyness,2006,https://boxd.it/28PE,3.5
2026-01-29,Twin Peaks: Fire Walk with Me,1992,https://boxd.it/27Qw,3
2026-01-29,The Hobbit: An Unexpected Journey,2012,https://boxd.it/GZk,3
2026-01-29,Chungking Express,1994,https://boxd.it/1UDa,4.5
2026-01-29,Mulan,1998,https://boxd.it/1VFw,3.5
2026-01-29,Sentimental Value,2025,https://boxd.it/GwcG,4
2026-01-29,The Rocky Horror Picture Show,1975,https://boxd.it/1a3q,0.5
2026-01-29,The Secret Life of Walter Mitty,2013,https://boxd.it/3SWy,2.5
2026-01-29,Fallen Angels,1995,https://boxd.it/1UkW,4
2026-01-29,Neon Genesis Evangelion: The End of Evangelion,1997,https://boxd.it/1GRM,4
2026-01-29,Before Sunset,2004,https://boxd.it/2bcg,4
2026-01-29,Life Is Beautiful,1997,https://boxd.it/29Wm,4
2026-01-29,Frances Ha,2012,https://boxd.it/41Xg,3
2026-01-29,One Flew Over the Cuckoo's Nest,1975,https://boxd.it/2aeA,3.5
2026-01-29,Alice in Wonderland,2010,https://boxd.it/1Spq,3.5
2026-01-29,Saw,2004,https://boxd.it/2aWW,4
2026-01-29,Green Book,2018,https://boxd.it/hErk,5
2026-01-29,The Founder,2016,https://boxd.it/9XwM,2
2026-01-29,Ford v Ferrari,2019,https://boxd.it/ce74,3.5
2026-01-29,Million Dollar Baby,2004,https://boxd.it/2bdI,3
2026-01-29,A Beautiful Mind,2001,https://boxd.it/2amk,4
2026-01-29,"The Chronicles of Narnia: The Lion, the Witch and the Wardrobe",2005,https://boxd.it/2ark,3.5
2026-01-29,Casper,1995,https://boxd.it/1ZMw,2.5
2026-01-29,Aladdin,2019,https://boxd.it/eSjy,4
2026-01-29,Phone Booth,2002,https://boxd.it/285G,2.5
2026-01-29,Ready Player One,2018,https://boxd.it/aZes,3.5
2026-01-29,Pirates of the Caribbean: Dead Man's Chest,2006,https://boxd.it/2bfk,3
2026-01-29,The Irishman,2019,https://boxd.it/dYOq,3.5
2026-01-29,A Taxi Driver,2017,https://boxd.it/fwac,5
2026-01-29,Captain Fantastic,2016,https://boxd.it/b2K2,2.5
2026-01-29,1408,2007,https://boxd.it/25Vu,2.5
2026-01-29,Misery,1990,https://boxd.it/28gY,3
2026-01-29,Free Guy,2021,https://boxd.it/k8dm,3
2026-01-29,Men in Black,1997,https://boxd.it/2a0I,4
2026-01-29,Hellboy,2004,https://boxd.it/28HK,3.5
2026-01-29,Hellboy II: The Golden Army,2008,https://boxd.it/1Ug6,3
2026-01-29,Monty Python and the Holy Grail,1975,https://boxd.it/29GI,3
2026-01-29,Scent of a Woman,1992,https://boxd.it/1YAu,1.5
2026-01-29,Speed,1994,https://boxd.it/28qk,3
2026-01-29,Yes Man,2008,https://boxd.it/1WPW,3
2026-01-29,The King's Speech,2010,https://boxd.it/dX0,4
2026-01-29,Real Steel,2011,https://boxd.it/147m,3.5
2026-01-29,The Fall Guy,2024,https://boxd.it/s0Bm,3
2026-01-29,Full Metal Jacket,1987,https://boxd.it/2a1Q,4
2026-01-29,Rear Window,1954,https://boxd.it/2a6Q,4
2026-01-29,Modern Times,1936,https://boxd.it/25MC,3.5
2026-01-29,Annie Hall,1977,https://boxd.it/29M2,3.5
2026-01-29,Midnight Cowboy,1969,https://boxd.it/25Hi,2
2026-01-29,Mirror,1975,https://boxd.it/28Q8,4.5
2026-01-29,The Last Emperor,1987,https://boxd.it/29Ji,3.5
2026-01-29,Dial M for Murder,1954,https://boxd.it/2adW,3.5
2026-01-29,The Texas Chain Saw Massacre,1974,https://boxd.it/1lcS,3
2026-01-29,Elvis,2022,https://boxd.it/mK4w,3
2026-01-29,Squid Game,2021,https://boxd.it/x1OG,3
2026-01-29,"tick, tick... BOOM!",2021,https://boxd.it/jz2e,4.5
2026-01-29,Elemental,2023,https://boxd.it/ASiE,3.5
2026-01-29,Palm Springs,2020,https://boxd.it/lCXQ,4
2026-01-29,The Queen's Gambit,2020,https://boxd.it/s1Ym,3.5
2026-01-29,Together,2025,https://boxd.it/LdFE,0.5
2026-01-29,Normal People,2020,https://boxd.it/q2VY,2.5
2026-01-29,Dungeons & Dragons: Honor Among Thieves,2023,https://boxd.it/hN1A,3
2026-01-29,The Monkey,2025,https://boxd.it/Gwiu,0.5
2026-01-29,Immaculate,2024,https://boxd.it/Douw,2
2026-01-29,Moana 2,2024,https://boxd.it/LcjW,3
2026-01-29,Titane,2021,https://boxd.it/nlQC,0.5
2026-01-29,Fear Street: 1994,2021,https://boxd.it/lLBk,3
2026-01-29,Old,2021,https://boxd.it/npKI,3
2026-01-29,Baby Reindeer,2024,https://boxd.it/MwSa,2
2026-01-29,Lilo & Stitch,2025,https://boxd.it/kbUe,3
2026-01-29,The Flash,2023,https://boxd.it/9twC,2.5
2026-01-29,Zack Snyder's Justice League,2021,https://boxd.it/tLOk,4
2026-01-29,Bo Burnham: Inside,2021,https://boxd.it/v2uy,4.5
2026-01-29,Venom: The Last Dance,2024,https://boxd.it/ynqo,3
2026-01-29,The Devil All the Time,2020,https://boxd.it/i2tY,2
2026-01-29,Sing Sing,2023,https://boxd.it/HIBA,2
2026-01-29,Terrifier 2,2022,https://boxd.it/oI10,2.5
2026-01-29,Suzume,2022,https://boxd.it/yv7Y,3
2026-01-29,RRR,2022,https://boxd.it/ljDs,5
2026-01-29,Until Dawn,2025,https://boxd.it/KOb0,2.5
2026-01-29,Kung Fu Panda 4,2024,https://boxd.it/CepE,2.5
2026-01-29,Red Notice,2021,https://boxd.it/ixtq,3
2026-01-29,Red One,2024,https://boxd.it/vTBM,3
2026-01-29,No One Will Save You,2023,https://boxd.it/uUO6,2
2026-01-29,Jujutsu Kaisen 0,2021,https://boxd.it/uvFS,4
2026-01-29,Kneecap,2024,https://boxd.it/ILxI,4
2026-01-29,The Cranes Are Flying,1957,https://boxd.it/169Y,4
2026-01-29,Ivan's Childhood,1962,https://boxd.it/1j6y,4.5
2026-01-29,The Very Same Munchhausen,1979,https://boxd.it/1qCG,3
2026-01-29,Mimino,1977,https://boxd.it/1qNE,3
2026-01-29,Courier,1986,https://boxd.it/2sbE,3.5
2026-01-29,Heart of a Dog,1988,https://boxd.it/TRI,3
2026-01-29,Three Poplars on Plyuschikha Street,1968,https://boxd.it/9ck,3.5
2026-01-29,"Welcome, or No Trespassing",1964,https://boxd.it/1CL6,4
2026-01-29,Office Romance,1977,https://boxd.it/1jLc,3
2026-01-29,Only Old Men Are Going to Battle,1973,https://boxd.it/18ZC,3.5
2026-01-29,Assa,1987,https://boxd.it/Jom,3
2026-01-29,The Secret of the Third Planet,1981,https://boxd.it/F9W,3
2026-01-29,An Unfinished Piece for Player Piano,1977,https://boxd.it/154o,3.5
2026-01-29,The Pokrovsky Gates,1982,https://boxd.it/18Sm,4.5
2026-01-29,To Kill a Dragon,1988,https://boxd.it/2llM,2
2026-01-29,Ordinary Miracle,1978,https://boxd.it/1qD0,3
2026-01-29,The Garage,1979,https://boxd.it/oPG,3
2026-01-29,The Diamond Arm,1968,https://boxd.it/1CN2,3.5
2026-01-29,Scarecrow,1983,https://boxd.it/6C0,3.5
2026-01-29,Kin-dza-dza!,1986,https://boxd.it/1CMS,3.5
2026-01-29,Gentlemen of Fortune,1971,https://boxd.it/1CNc,4
2026-01-29,Moscow Does Not Believe in Tears,1980,https://boxd.it/1CwU,4.5
2026-01-29,Operation Y and Other Shurik's Adventures,1965,https://boxd.it/1CMI,3
2026-01-29,The Girls,1962,https://boxd.it/1CCe,3.5
2026-01-29,"The Irony of Fate, or Enjoy Your Bath!",1975,https://boxd.it/Uv4,3
2026-01-29,Treasure Island,1989,https://boxd.it/G6u,4
2026-01-29,Viy,1967,https://boxd.it/nd2,3.5
2026-01-29,Brother,1997,https://boxd.it/1CA8,3.5
2026-01-29,Leto,2018,https://boxd.it/i9Tu,3.5
2026-01-29,The Master and Margarita,2024,https://boxd.it/lzAu,3.5
2026-01-29,Brother 2,2000,https://boxd.it/1CzY,3
2026-01-29,Petrov's Flu,2021,https://boxd.it/mvOY,3
2026-01-29,Night Watch,2004,https://boxd.it/25SK,3.5
2026-01-29,Ivan Vasilyevich Changes His Profession,1973,https://boxd.it/1CSQ,3.5
2026-01-29,Burnt by the Sun,1994,https://boxd.it/CPq,4
2026-01-29,Major Grom: Plague Doctor,2021,https://boxd.it/jeNS,4
2026-01-29,I Am Dragon,2015,https://boxd.it/cRMg,3
2026-01-29,Captain Volkonogov Escaped,2021,https://boxd.it/uQa2,3
2026-01-29,There Will Come Soft Rains,1984,https://boxd.it/3WEo,2
2026-01-29,Dead Man's Bluff,2005,https://boxd.it/1CzO,3.5
2026-01-29,Piter FM,2006,https://boxd.it/B6,3
2026-01-29,"Kidnapping, Caucasian Style",1967,https://boxd.it/1CMo,3
2026-01-29,Day Watch,2006,https://boxd.it/272G,3
2026-01-29,Father Frost,1965,https://boxd.it/1CGq,3
2026-01-29,The Island,2006,https://boxd.it/1AHc,4
2026-01-29,Wow! A Talking Fish!,1983,https://boxd.it/582I,4
2026-01-29,Winnie-the-Pooh,1969,https://boxd.it/1bce,4
2026-01-29,The Boy's Word: Blood on the Asphalt,2023,https://boxd.it/KPps,4
2026-01-29,Love and Pigeons,1984,https://boxd.it/1heq,3
2026-01-29,"How Viktor ""The Garlic"" Took Alexey ""The Stud"" to the Nursing Home",2017,https://boxd.it/gHdS,4
2026-01-29,Hipsters,2008,https://boxd.it/16dG,3
2026-01-29,Major Grom: The Game,2024,https://boxd.it/EQSe,4
2026-01-29,12 Chairs,1971,https://boxd.it/1iD2,3
2026-01-29,9th Company,2005,https://boxd.it/1OLi,3
2026-01-29,The Bremen Town Musicians,1969,https://boxd.it/1g5W,3.5
2026-01-29,Evenings on a Farm near Dikanka,1961,https://boxd.it/2VK4,4
2026-01-29,Son of a Rich,2019,https://boxd.it/l9hG,3
2026-01-29,Fortress of War,2010,https://boxd.it/DdW,4
2026-01-29,Guest from the Future,2024,https://boxd.it/rtYC,2.5
2026-01-29,A Cruel Romance,1984,https://boxd.it/1XM,3.5
2026-01-29,Generation P,2011,https://boxd.it/8ZK,4
2026-01-29,Ten Little Indians,1987,https://boxd.it/23Jc,3
2026-01-29,The Geographer Drank His Globe Away,2013,https://boxd.it/6EKk,4
2026-01-29,The Master and Margarita,2005,https://boxd.it/C5C,3.5
2026-01-29,What Men Talk About,2010,https://boxd.it/1coA,4
2026-01-29,The Adventures of Sherlock Holmes and Dr. Watson: The Hound of the Baskervilles - Part 1,1981,https://boxd.it/2XWQ,3.5
2026-01-29,Dobrinya and the Dragon,2006,https://boxd.it/1fjo,3.5
2026-01-29,Acid,2018,https://boxd.it/iISc,1.5
2026-01-29,Grom: Boyhood,2022,https://boxd.it/BbSQ,3.5
2026-01-29,A Man from the Boulevard des Capucines,1987,https://boxd.it/Q2i,3
2026-01-29,Three from Prostokvashino,1978,https://boxd.it/2FQ6,3
2026-01-29,Dust,2005,https://boxd.it/4tK,2
2026-01-29,Black Lightning,2009,https://boxd.it/1jIi,2.5
2026-01-29,Winter in Prostokvashino,1984,https://boxd.it/2H5w,3
2026-01-29,Bitterly!,2013,https://boxd.it/6M4m,1.5
2026-01-29,The Twelve Chairs,1977,https://boxd.it/1qDa,3
2026-01-29,Major Grom,2017,https://boxd.it/fAb4,3
2026-01-29,Radio Day,2008,https://boxd.it/1uOc,3
2026-01-29,Bury Me Behind the Baseboard,2009,https://boxd.it/1Epw,3.5
2026-01-29,Viking,2016,https://boxd.it/cOxW,2.5
2026-01-29,Chapiteau Show: Love and Friendship - Part 1,2011,https://boxd.it/38di,4
2026-01-29,The Flying Ship,1979,https://boxd.it/2p0o,3
2026-01-29,The Big Short,2015,https://boxd.it/ajZw,3.5
2026-01-29,The Northman,2022,https://boxd.it/nK2s,3
2026-01-29,Lilo & Stitch,2002,https://boxd.it/1TAY,3.5
2026-01-29,Final Destination,2000,https://boxd.it/1YrC,3
2026-01-29,Terminator 2: Judgment Day,1991,https://boxd.it/2aGY,3
2026-01-29,American History X,1998,https://boxd.it/2bdo,3.5
2026-01-29,A Nightmare on Elm Street,1984,https://boxd.it/2aw0,3
2026-01-29,Aladdin,1992,https://boxd.it/29yE,3
2026-01-29,Ice Age,2002,https://boxd.it/2apS,3.5
2026-01-29,Ghostbusters,1984,https://boxd.it/g2w,3
2026-01-29,Fantastic Beasts and Where to Find Them,2016,https://boxd.it/7FPC,3
2026-01-29,Ant-Man and the Wasp: Quantumania,2023,https://boxd.it/nL2y,2
2026-01-29,Paprika,2006,https://boxd.it/23wW,4
2026-01-29,Bridget Jones's Diary,2001,https://boxd.it/29WQ,3
2026-01-29,"Three Billboards Outside Ebbing, Missouri",2017,https://boxd.it/ceBS,4
2026-01-29,The Cabin in the Woods,2011,https://boxd.it/1zOc,4
2026-01-29,She's the Man,2006,https://boxd.it/1Y7W,3
2026-01-29,Zoolander,2001,https://boxd.it/1YMA,3.5
2026-01-29,The Proposal,2009,https://boxd.it/1HiS,3.5
2026-01-29,X-Men: Days of Future Past,2014,https://boxd.it/4aRw,4
2026-01-29,The Conjuring 2,2016,https://boxd.it/7GJg,3
2026-01-29,Hercules,1997,https://boxd.it/1SDW,3
2026-01-29,The Darjeeling Limited,2007,https://boxd.it/24as,2
2026-01-29,The Intouchables,2011,https://boxd.it/2FT0,5
2026-01-29,X-Men: First Class,2011,https://boxd.it/FOA,3
2026-01-29,The Green Knight,2021,https://boxd.it/kuy2,4
2026-01-29,Hamilton,2020,https://boxd.it/kmvE,3.5
2026-01-29,The Babadook,2014,https://boxd.it/77xu,3.5
2026-01-29,The Mask,1994,https://boxd.it/29rS,3
2026-01-29,Borat: Cultural Learnings of America for Make Benefit Glorious Nation of Kazakhstan,2006,https://boxd.it/2agQ,3
2026-01-29,Frozen II,2019,https://boxd.it/aPvo,3
2026-01-29,Scary Movie,2000,https://boxd.it/24CG,3
2026-01-29,Nocturnal Animals,2016,https://boxd.it/bkFu,3
2026-01-29,What We Do in the Shadows,2014,https://boxd.it/7eQy,4.5
2026-01-29,Scooby-Doo,2002,https://boxd.it/1YaQ,3
2026-01-29,Being John Malkovich,1999,https://boxd.it/2ahu,2.5
2026-01-29,Breakfast at Tiffany's,1961,https://boxd.it/2aYS,3
2026-01-29,The Hobbit: The Desolation of Smaug,2013,https://boxd.it/nmS,3
2026-01-29,Napoleon Dynamite,2004,https://boxd.it/20wu,3
2026-01-29,Klaus,2019,https://boxd.it/ipoi,4
2026-01-29,Chernobyl,2019,https://boxd.it/mkbG,2
2026-01-29,The Butterfly Effect,2004,https://boxd.it/27M0,3
2026-01-29,The Hobbit: The Battle of the Five Armies,2014,https://boxd.it/43aU,3.5
2026-01-29,Terrifier,2016,https://boxd.it/eRzg,3.5
2026-01-29,I Am Legend,2007,https://boxd.it/21DG,3.5
2026-01-29,Transformers,2007,https://boxd.it/280c,3
2026-01-29,Lucy,2014,https://boxd.it/75hu,3
2026-01-29,Bridge to Terabithia,2007,https://boxd.it/28YG,3
2026-01-29,Insidious,2010,https://boxd.it/H4k,4
2026-01-29,El Camino: A Breaking Bad Movie,2019,https://boxd.it/kv0q,3
2026-01-29,The Mummy,1999,https://boxd.it/2a7a,3
2026-01-29,The Wind Rises,2013,https://boxd.it/4JQS,4.5
2026-01-29,We're the Millers,2013,https://boxd.it/4srQ,4
2026-01-29,The Gentlemen,2019,https://boxd.it/iYBQ,4
2026-01-29,Kung Fu Panda 2,2011,https://boxd.it/G36,3
2026-01-29,Porco Rosso,1992,https://boxd.it/1Tp2,3.5
2026-01-29,The Others,2001,https://boxd.it/27Po,2
2026-01-29,The Matrix Reloaded,2003,https://boxd.it/2a1c,3
2026-01-29,The Conjuring: The Devil Made Me Do It,2021,https://boxd.it/eXZY,3
2026-01-29,Cloudy with a Chance of Meatballs,2009,https://boxd.it/1A40,3
2026-01-29,Airplane!,1980,https://boxd.it/29yu,3.5
2026-01-29,Rain Man,1988,https://boxd.it/2avw,3.5
2026-01-29,The Fifth Element,1997,https://boxd.it/71k,4
2026-01-29,The Addams Family,1991,https://boxd.it/267g,3.5
2026-01-29,X-Men: Apocalypse,2016,https://boxd.it/7eJi,3
2026-01-29,Nausicaä of the Valley of the Wind,1984,https://boxd.it/2bc6,4
2026-01-29,The Unbearable Weight of Massive Talent,2022,https://boxd.it/o6eK,3
2026-01-29,Watchmen,2009,https://boxd.it/1QE4,4
2026-01-29,Twin Peaks,1989,https://boxd.it/g8pk,4
2026-01-29,Sweeney Todd: The Demon Barber of Fleet Street,2007,https://boxd.it/1PcS,3
2026-01-29,8 Mile,2002,https://boxd.it/2bew,4
2026-01-29,Tarzan,1999,https://boxd.it/18YO,3
2026-01-29,Fear and Loathing in Las Vegas,1998,https://boxd.it/27Xs,4
2026-01-29,Pirates of the Caribbean: On Stranger Tides,2011,https://boxd.it/27Z4,3.5
2026-01-29,Over the Garden Wall,2014,https://boxd.it/eqFw,4.5
2026-01-29,Submarine,2010,https://boxd.it/H4a,3
2026-01-29,Sherlock Holmes,2009,https://boxd.it/1W2A,3
2026-01-29,The Birds,1963,https://boxd.it/2a6m,3.5
2026-01-29,La Chimera,2023,https://boxd.it/vzVi,2
2026-01-29,Meet Joe Black,1998,https://boxd.it/2aEI,2
2026-01-29,Justice League,2017,https://boxd.it/4w68,2
2026-01-29,The Lion King,2019,https://boxd.it/eSjI,2
2026-01-29,[REC],2007,https://boxd.it/20ma,4
2026-01-29,Glass,2019,https://boxd.it/g3uO,3.5
2026-01-29,Fantastic Beasts: The Crimes of Grindelwald,2018,https://boxd.it/bg8G,2
2026-01-29,Novocaine,2025,https://boxd.it/JmdA,1
2026-01-29,The Skin I Live In,2011,https://boxd.it/99A,4
2026-01-29,Shrek Forever After,2010,https://boxd.it/1WRo,3
2026-01-29,Unbreakable,2000,https://boxd.it/1XV2,3
2026-01-29,Swiss Army Man,2016,https://boxd.it/bDG2,2
2026-01-29,The Simpsons Movie,2007,https://boxd.it/6YU,3
2026-01-29,War Dogs,2016,https://boxd.it/9SlO,3
2026-01-29,Cars 3,2017,https://boxd.it/7IPq,4.5
2026-01-29,The Naked Gun: From the Files of Police Squad!,1988,https://boxd.it/18YE,3
2026-01-29,One Day,2011,https://boxd.it/Asu,3
2026-01-29,What's Eating Gilbert Grape,1993,https://boxd.it/28xg,3.5
2026-01-29,The Wolverine,2013,https://boxd.it/2CWU,3
2026-01-29,Shark Tale,2004,https://boxd.it/1VYe,3.5
2026-01-29,The Matrix Revolutions,2003,https://boxd.it/2a12,3
2026-01-29,Yesterday,2019,https://boxd.it/iF7M,3.5
2026-01-29,The Visit,2015,https://boxd.it/9ssO,4
2026-01-29,Blade,1998,https://boxd.it/1a8A,3
2026-01-29,Sausage Party,2016,https://boxd.it/6CCe,1
2026-01-29,The Disaster Artist,2017,https://boxd.it/cTqc,4
2026-01-29,Robots,2005,https://boxd.it/1Xve,3
2026-01-29,Rope,1948,https://boxd.it/28yo,4.5
2026-01-29,Chicken Run,2000,https://boxd.it/20Xg,4
2026-01-29,Sing Street,2016,https://boxd.it/cOo6,3
2026-01-29,The Lovely Bones,2009,https://boxd.it/20IA,3.5
2026-01-29,Troy,2004,https://boxd.it/29TW,3
2026-01-29,Bruce Almighty,2003,https://boxd.it/2aCC,3
2026-01-29,Kung Fu Panda 3,2016,https://boxd.it/4uRQ,5
2026-01-29,Cruel Intentions,1999,https://boxd.it/29Be,3
2026-01-29,The Aviator,2004,https://boxd.it/26BU,3
2026-01-29,Anastasia,1997,https://boxd.it/1YFk,2
2026-01-29,Surf's Up,2007,https://boxd.it/1YKY,4.5
2026-01-29,Alvin and the Chipmunks,2007,https://boxd.it/21E0,3
2026-01-29,Ice Age: The Meltdown,2006,https://boxd.it/2wRk,3
2026-01-29,Billy Elliot,2000,https://boxd.it/2bdy,3.5
2026-01-29,Tokyo Godfathers,2003,https://boxd.it/1Qg2,3
2026-01-29,Lolita,1962,https://boxd.it/29Ag,3.5
2026-01-29,The Ritual,2017,https://boxd.it/fo0I,2
2026-01-29,Demolition,2015,https://boxd.it/9GuY,2
2026-01-29,Paranormal Activity,2007,https://boxd.it/1yIM,4.5
2026-01-29,Dark Phoenix,2019,https://boxd.it/anyO,3
2026-01-29,Limitless,2011,https://boxd.it/Aly,3.5
2026-01-29,The Final Destination,2009,https://boxd.it/1EmW,3
2026-01-29,Dogville,2003,https://boxd.it/2a8W,4
2026-01-29,Sleepless in Seattle,1993,https://boxd.it/29re,3
2026-01-29,Wind River,2017,https://boxd.it/dR3i,3.5
2026-01-29,Hannibal,2001,https://boxd.it/1XVc,3
2026-01-29,King Kong,2005,https://boxd.it/2aLa,4
2026-01-29,Atlantis: The Lost Empire,2001,https://boxd.it/1Vck,3
2026-01-29,Liar Liar,1997,https://boxd.it/28sg,3
2026-01-29,Dune,1984,https://boxd.it/29tY,3
2026-01-29,One Hundred and One Dalmatians,1961,https://boxd.it/1SeC,3
2026-01-29,Hell or High Water,2016,https://boxd.it/bfGM,3.5
2026-01-29,The Day After Tomorrow,2004,https://boxd.it/2aog,3
2026-01-29,National Treasure,2004,https://boxd.it/27x0,3
2026-01-29,Men in Black II,2002,https://boxd.it/2a0y,3.5
2026-01-29,Sunshine,2007,https://boxd.it/28Xy,3
2026-01-29,Run Lola Run,1998,https://boxd.it/2b8o,3
2026-01-29,My Life as a Zucchini,2016,https://boxd.it/dL2y,4
2026-01-29,The Blues Brothers,1980,https://boxd.it/2adi,4
2026-01-29,High Fidelity,2000,https://boxd.it/2aMW,3
2026-01-29,Face/Off,1997,https://boxd.it/29I0,3
2026-01-29,Flushed Away,2006,https://boxd.it/1Tpm,3.5
2026-01-29,2012,2009,https://boxd.it/1OE2,4
2026-01-29,Meet the Parents,2000,https://boxd.it/28vE,3
2026-01-29,The Room,2003,https://boxd.it/1ICY,3
2026-01-29,The Age of Adaline,2015,https://boxd.it/9ghu,2
2026-01-29,The Chronicles of Narnia: Prince Caspian,2008,https://boxd.it/26Hy,3.5
2026-01-29,Neon Genesis Evangelion,1995,https://boxd.it/ptEI,4
2026-01-29,"Lock, Stock and Two Smoking Barrels",1998,https://boxd.it/2b92,4
2026-01-29,Spy Kids,2001,https://boxd.it/1Xcw,3
2026-01-29,Charade,1963,https://boxd.it/23O2,4
2026-01-29,Sherlock Holmes: A Game of Shadows,2011,https://boxd.it/k3S,3
2026-01-29,Anna Karenina,2012,https://boxd.it/3lyy,3
2026-01-29,Mars Attacks!,1996,https://boxd.it/2bd4,3
2026-01-29,Mary and Max,2009,https://boxd.it/1y2m,0.5
2026-01-29,Wild Tales,2014,https://boxd.it/7UmK,2.5
2026-01-29,2046,2004,https://boxd.it/29tu,4
2026-01-29,Weathering with You,2019,https://boxd.it/kPxE,4
2026-01-29,Seven Psychopaths,2012,https://boxd.it/34PW,3.5
2026-01-29,Stuart Little,1999,https://boxd.it/1WZW,3
2026-01-29,Tusk,2014,https://boxd.it/7eoa,2
2026-01-29,Cowboy Bebop,1998,https://boxd.it/ptES,5
2026-01-29,The Road to El Dorado,2000,https://boxd.it/1W6s,3.5
2026-01-29,Sing 2,2021,https://boxd.it/fAnE,4.5
2026-01-29,Death Note,2006,https://boxd.it/psEs,4.5
2026-01-29,Three Thousand Years of Longing,2022,https://boxd.it/kmoy,3
2026-01-29,The Wrestler,2008,https://boxd.it/1So8,3.5
2026-01-29,Barton Fink,1991,https://boxd.it/2aFQ,0.5
2026-01-29,Mr. Nobody,2009,https://boxd.it/1k44,3
2026-01-29,Insidious: Chapter 2,2013,https://boxd.it/3dqc,4
2026-01-29,Jeepers Creepers,2001,https://boxd.it/1ZAg,2
2026-01-29,Spaceballs,1987,https://boxd.it/29cy,3.5
2026-01-29,Cube,1997,https://boxd.it/2aoU,2
2026-01-29,Strangers on a Train,1951,https://boxd.it/29tk,4
2026-01-29,Bridget Jones: The Edge of Reason,2004,https://boxd.it/1XMa,3
2026-01-29,Lolita,1997,https://boxd.it/1XR0,4
2026-01-29,Resident Evil,2002,https://boxd.it/28z2,3.5
2026-01-29,Van Helsing,2004,https://boxd.it/21aa,3
2026-01-29,Cars 2,2011,https://boxd.it/H4Y,2
2026-01-29,Shrek the Third,2007,https://boxd.it/29yY,3
2026-01-29,Lady and the Tramp,1955,https://boxd.it/1Wv8,3
2026-01-29,Spirit: Stallion of the Cimarron,2002,https://boxd.it/1Zmo,3
2026-01-29,Demon Slayer -Kimetsu no Yaiba- The Movie: Mugen Train,2020,https://boxd.it/nyLU,4
2026-01-29,9,2009,https://boxd.it/1Scm,3.5
2026-01-29,I Want to Eat Your Pancreas,2018,https://boxd.it/ie6C,4
2026-01-29,5 Centimeters per Second,2007,https://boxd.it/16G4,4
2026-01-29,The Garden of Words,2013,https://boxd.it/5Ymq,3
2026-01-29,The Little Prince,2015,https://boxd.it/9WbS,4.5
2026-01-29,Cyberpunk: Edgerunners,2022,https://boxd.it/COP4,4.5
2026-01-29,Scott Pilgrim Takes Off,2023,https://boxd.it/JLZk,3
2026-01-29,JUJUTSU KAISEN,2020,https://boxd.it/sOve,3.5
2026-01-29,The Girl Who Leapt Through Time,2006,https://boxd.it/1OPa,4
2026-01-29,Belle,2021,https://boxd.it/tbEe,3
2026-01-29,Evangelion: 3.0+1.0 Thrice Upon a Time,2021,https://boxd.it/8LnQ,4.5
2026-01-29,Serial Experiments Lain,1998,https://boxd.it/hYQE,1
2026-01-29,"Night Is Short, Walk On Girl",2017,https://boxd.it/ffwA,4.5
2026-01-29,Fullmetal Alchemist: Brotherhood,2009,https://boxd.it/ptii,4.5
2026-01-29,Mind Game,2004,https://boxd.it/1Bv2,4
2026-01-29,Open Season,2006,https://boxd.it/20U2,4
2026-01-29,The Red Turtle,2016,https://boxd.it/bdkE,2
2026-01-29,Redline,2009,https://boxd.it/2pQ0,2
2026-01-29,Vampire Hunter D: Bloodlust,2000,https://boxd.it/1L3i,3
2026-01-29,Cowboy Bebop: The Movie,2001,https://boxd.it/1Uc4,4
2026-01-29,Vinland Saga,2019,https://boxd.it/qdwU,2
2026-01-29,Interstella 5555: The 5tory of the 5ecret 5tar 5ystem,2003,https://boxd.it/1ULy,5
2026-01-29,The Lion King 1½,2004,https://boxd.it/1TRg,4
2026-01-29,Evangelion: 2.0 You Can (Not) Advance,2009,https://boxd.it/1zYm,3
2026-01-29,Demon Slayer: Kimetsu no Yaiba,2019,https://boxd.it/pKsE,4
2026-01-29,Evangelion: 3.0 You Can (Not) Redo,2012,https://boxd.it/2BwG,3
2026-01-29,Arthur and the Invisibles,2006,https://boxd.it/1Xm2,3
2026-01-29,Chainsaw Man,2022,https://boxd.it/J6t8,4
2026-01-29,"Love, Death & Robots: Bad Travelling",2022,https://boxd.it/BykM,4
2026-01-29,Summer Wars,2009,https://boxd.it/1oDC,3.5
2026-01-29,The Boy and the Beast,2015,https://boxd.it/aaRe,4
2026-01-29,Beowulf,2007,https://boxd.it/26Xw,0.5
2026-01-29,ERASED,2016,https://boxd.it/px1A,4.5
2026-01-29,Osmosis Jones,2001,https://boxd.it/1RAi,4
2026-01-29,"Love, Death & Robots: Jibaro",2022,https://boxd.it/EqO6,0.5
2026-01-29,"Love, Death & Robots: The Witness",2019,https://boxd.it/lFO8,3
2026-01-29,Midori,1992,https://boxd.it/2jvq,0.5
2026-01-29,Vampire Hunter D,1985,https://boxd.it/1YCg,3
2026-01-29,The Tatami Galaxy,2010,https://boxd.it/oL50,4.5
2026-01-29,"Love, Death & Robots: Three Robots",2019,https://boxd.it/lECK,4
2026-01-29,Frieren: Beyond Journey's End,2023,https://boxd.it/MbNo,3
2026-01-29,Inu-Oh,2021,https://boxd.it/nQDE,4
2026-01-29,Puparia,2020,https://boxd.it/sNym,4
2026-01-29,Adventure Time,2007,https://boxd.it/bZZ6,5
2026-01-29,Samuel,2024,https://boxd.it/LWKk,4
2026-01-29,"Josee, the Tiger and the Fish",2020,https://boxd.it/oh1i,4.5
2026-01-29,Steins;Gate,2011,https://boxd.it/psNE,4
2026-01-29,Children of the Sea,2019,https://boxd.it/lwe6,3.5
2026-01-29,The Disappearance of Haruhi Suzumiya,2010,https://boxd.it/19Ds,3.5
2026-01-29,Adventure Time: Fionna & Cake,2023,https://boxd.it/IWU4,4
2026-01-29,Gurren Lagann,2007,https://boxd.it/p8SE,5
2026-01-29,Berserk: The Golden Age Arc I – The Egg of the King,2012,https://boxd.it/3MLO,3.5
2026-01-29,Death Parade,2015,https://boxd.it/oIY2,3
2026-01-29,Kizumonogatari Part 3: Reiketsu,2017,https://boxd.it/cq8y,4
2026-01-29,AnoHana: The Flower We Saw That Day,2011,https://boxd.it/py2Y,4
2026-01-29,Rascal Does Not Dream of Bunny Girl Senpai,2018,https://boxd.it/py3M,4
2026-01-29,Berserk: The Golden Age Arc II – The Battle for Doldrey,2012,https://boxd.it/3VWm,3.5
2026-01-29,Seoul Station,2016,https://boxd.it/dBYs,3
2026-01-29,Pompo the Cinephile,2021,https://boxd.it/pj2a,4.5
2026-01-29,The Promised Neverland,2019,https://boxd.it/Qza4,3
2026-01-29,Made in Abyss,2017,https://boxd.it/pE50,3.5
2026-01-29,Summer Ghost,2021,https://boxd.it/u3pW,4.5
2026-01-29,Dorohedoro,2020,https://boxd.it/sfCu,4
2026-01-29,Elfen Lied,2004,https://boxd.it/pDma,3
2026-01-29,Great Teacher Onizuka,1999,https://boxd.it/qfq0,4
2026-01-29,Toradora!,2008,https://boxd.it/ocGg,5
2026-01-29,Scanners,1981,https://boxd.it/1YqE,2
2026-01-29,Call Me by Your Name,2017,https://boxd.it/dYmm,2
2026-01-29,Knockin' on Heaven's Door,1997,https://boxd.it/2aZQ,5
2026-01-29,The Young Pope,2016,https://boxd.it/g3y2,4
2026-01-29,"Comrades, Almost a Love Story",1996,https://boxd.it/18QU,5
2026-01-29,Dad Croaked on Saturday,2024,https://boxd.it/D6tq,3
2026-01-29,Dead Talents Society,2024,https://boxd.it/C3y6,5
2026-01-29,A Rainy Day in New York,2019,https://boxd.it/h2z6,3
2026-01-29,Blue Jay,2016,https://boxd.it/enEq,3
2026-01-29,Crazy World,2014,https://boxd.it/n0w2,3
2026-01-29,Zack and Miri Make a Porno,2008,https://boxd.it/1WsI,4.5
2026-01-29,Stuart: A Life Backwards,2007,https://boxd.it/EAM,3
2026-01-29,Breath,2007,https://boxd.it/1voY,3
2026-01-29,Kinky Boots,2005,https://boxd.it/1KfC,3.5
2026-01-29,About a Boy,2002,https://boxd.it/2aMC,3.5
2026-01-29,200 Cigarettes,1999,https://boxd.it/1MyQ,4.5
2026-01-29,The Party,1980,https://boxd.it/2aYy,3.5
2026-01-29,Boniface's Holiday,1965,https://boxd.it/2Gug,4
2026-01-29,The Incredible Adventures of Shurik,2025,https://boxd.it/X7DG,2
2026-01-29,Christmas Above the Clouds,2025,https://boxd.it/XfT8,3
2026-01-29,Heads of State,2025,https://boxd.it/s9tG,1.5
2026-01-29,Exit 8,2025,https://boxd.it/S9Kk,2
2026-01-29,Not Like Dad 2: Granddad,2025,https://boxd.it/OGwC,2.5
2026-01-29,"Secret Level - Warhammer 40,000: And They Shall Know No Fear",2024,https://boxd.it/RSuO,4.5
2026-01-29,The Enchanted Tinderbox,2024,https://boxd.it/KbsG,2
2026-01-29,Falling in Love Like in Movies,2023,https://boxd.it/EDQY,4.5
2026-01-29,Das Beste kommt noch!,2023,https://boxd.it/AMza,3
2026-01-29,Humanist Vampire Seeking Consenting Suicidal Person,2023,https://boxd.it/Blzk,2
2026-01-29,The Taste of Things,2023,https://boxd.it/Arke,3.5
2026-01-29,Ride On,2023,https://boxd.it/z5ak,3
2026-01-29,Tetris,2023,https://boxd.it/rePK,1
2026-01-29,King & Jester,2023,https://boxd.it/G9uW,4
2026-01-29,BlackBerry,2023,https://boxd.it/CoVK,3
2026-01-29,The Greatest Beer Run Ever,2022,https://boxd.it/m2tC,3
2026-01-29,What's Love Got to Do with It?,2022,https://boxd.it/u7um,3.5
2026-01-29,Return to Seoul,2022,https://boxd.it/zXDg,3.5
2026-01-29,The No Man Zone. The Movie,2022,https://boxd.it/B4y0,2
2026-01-29,Chickenhare and the Hamster of Darkness,2022,https://boxd.it/tgwY,4
2026-01-29,Harry Potter 20th Anniversary: Return to Hogwarts,2022,https://boxd.it/xXJk,4
2026-01-29,Scenes from a Marriage,2021,https://boxd.it/wzSU,5
2026-01-29,Vacation Friends,2021,https://boxd.it/ohEO,5
2026-01-29,After Yang,2021,https://boxd.it/lx5a,2
2026-01-29,Not Like Dad,2021,https://boxd.it/tihQ,4
2026-01-29,Extinct,2021,https://boxd.it/oIq0,5
2026-01-29,Billie Eilish: The World's a Little Blurry,2021,https://boxd.it/olni,3.5
2026-01-29,Moscow Does Not Happen,2020,https://boxd.it/mrXC,2.5
2026-01-29,Psycho,2020,https://boxd.it/sR8W,3.5
2026-01-29,Deeper!,2020,https://boxd.it/lCrU,4.5
2026-01-29,Man From Podolsk,2020,https://boxd.it/nuNW,3
2026-01-29,Chicks,2020,https://boxd.it/reOC,4
2026-01-29,Banksy Most Wanted,2020,https://boxd.it/pUwc,3
2026-01-29,Scare Me,2020,https://boxd.it/oimc,3
2026-01-29,The New Pope,2020,https://boxd.it/oWDC,4.5
2026-01-29,With Closed Windows,2019,https://boxd.it/nwPK,3
2026-01-29,The Goldfinch,2019,https://boxd.it/gX6I,4
2026-01-29,Marriage Story,2019,https://boxd.it/hJAw,3.5
2026-01-29,Play,2019,https://boxd.it/jYC2,4.5
2026-01-29,Rascal Does Not Dream of a Dreaming Girl,2019,https://boxd.it/l0cC,4
2026-01-29,A Dog's Journey,2019,https://boxd.it/iY7m,3
2026-01-29,HOMECOMING: A film by Beyoncé,2019,https://boxd.it/lS2Q,3
2026-01-29,CAROLE & TUESDAY,2019,https://boxd.it/q3FM,4
2026-01-29,Loud Connection,2019,https://boxd.it/kWnQ,3
2026-01-29,The Last Black Man in San Francisco,2019,https://boxd.it/iWAw,3
2026-01-29,War of Art,2019,https://boxd.it/lJ3g,3
2026-01-29,Celebration,2019,https://boxd.it/jITm,3
2026-01-29,Instant Family,2018,https://boxd.it/hHpQ,3
2026-01-29,The Soul-Mate,2018,https://boxd.it/jHGc,3
2026-01-29,The Sisters Brothers,2018,https://boxd.it/fDFm,3.5
2026-01-29,Who Is America?,2018,https://boxd.it/jUOy,3.5
2026-01-29,Ant-Man and the Wasp,2018,https://boxd.it/cqUW,2.5
2026-01-29,Shoplifters,2018,https://boxd.it/ifY6,3.5
2026-01-29,Sink or Swim,2018,https://boxd.it/hqqM,4.5
2026-01-29,Cold War,2018,https://boxd.it/fEoc,3
2026-01-29,Maquia: When the Promised Flower Blooms,2018,https://boxd.it/h6bM,4.5
2026-01-29,Arrhythmia,2017,https://boxd.it/glFU,4.5
2026-01-29,Pirates of the Caribbean: Dead Men Tell No Tales,2017,https://boxd.it/5a9m,4
2026-01-29,Big Little Lies,2017,https://boxd.it/fYde,4.5
2026-01-29,My Blind Date with Life,2017,https://boxd.it/dbu2,3.5
2026-01-29,Piper,2016,https://boxd.it/dZaG,4
2026-01-29,Train to Busan,2016,https://boxd.it/dSQU,4
2026-01-29,Pelé: Birth of a Legend,2016,https://boxd.it/7dFE,4
2026-01-29,Southside with You,2016,https://boxd.it/9Z04,3
2026-01-29,A Man Called Ove,2015,https://boxd.it/bHuY,4
2026-01-29,Show Me a Hero,2015,https://boxd.it/blxc,3
2026-01-29,The Gift,2015,https://boxd.it/aJMy,0.5
2026-01-29,The Land of OZ,2015,https://boxd.it/cRw8,4
2026-01-29,Youth,2015,https://boxd.it/9Y7S,4.5
2026-01-29,Attack on Titan: No Regrets,2014,https://boxd.it/txJq,3.5
2026-01-29,Olive Kitteridge,2014,https://boxd.it/91Yy,4.5
2026-01-29,Bitterly! 2,2014,https://boxd.it/9t8A,2
2026-01-29,The Prom,2014,https://boxd.it/9oqk,2
2026-01-29,Terror in Resonance,2014,https://boxd.it/py6m,4
2026-01-29,Filth,2013,https://boxd.it/32NY,4
2026-01-29,What If,2013,https://boxd.it/6ljk,4
2026-01-29,The Internship,2013,https://boxd.it/3SWS,3.5
2026-01-29,Pain & Gain,2013,https://boxd.it/4lp4,1
2026-01-29,Black Mirror: White Bear,2013,https://boxd.it/hRpG,3
2026-01-29,The Best Offer,2013,https://boxd.it/4Oh4,3
2026-01-29,And Here's What's Happening to Me,2012,https://boxd.it/4NCg,3.5
2026-01-29,Short Stories,2012,https://boxd.it/51pA,3
2026-01-29,Looper,2012,https://boxd.it/ham,2
2026-01-29,End of Watch,2012,https://boxd.it/2F5O,4.5
2026-01-29,Vamps,2012,https://boxd.it/2wWY,2.5
2026-01-29,Premium Rush,2012,https://boxd.it/FQw,3
2026-01-29,Ruby Sparks,2012,https://boxd.it/3w9O,3.5
2026-01-29,Kokoko,2012,https://boxd.it/459u,3
2026-01-29,Turkish for Beginners,2012,https://boxd.it/3i8i,4
2026-01-29,Moy paren - angel,2011,https://boxd.it/32ju,3
2026-01-29,Black Mirror: The National Anthem,2011,https://boxd.it/hQYK,2.5
2026-01-29,Bunny Drop,2011,https://boxd.it/3kf6,3
2026-01-29,Kokowääh,2011,https://boxd.it/xbA,3
2026-01-29,Chapiteau Show: Respect and Cooperation - Part 2,2011,https://boxd.it/u0IG,3.5
2026-01-29,The Tourist,2010,https://boxd.it/17Hs,3
2026-01-29,This Is England '86,2010,https://boxd.it/e4Oc,3.5
2026-01-29,I'm Still Here,2010,https://boxd.it/TcK,4
2026-01-29,The Twilight Saga: Eclipse,2010,https://boxd.it/1ytW,3
2026-01-29,Emma,2009,https://boxd.it/5Ahw,3
2026-01-29,The House of Sun,2009,https://boxd.it/2upI,3
2026-01-29,The Man at the Window,2010,https://boxd.it/2v1W,3
2026-01-29,Seven Pounds,2008,https://boxd.it/1U8w,3
2026-01-29,The New Year's Rate Plan,2008,https://boxd.it/DqG,2
2026-01-29,Beverly Hills Chihuahua,2008,https://boxd.it/1Ob0,4
2026-01-29,Slumdog Millionaire,2008,https://boxd.it/1S3E,4
2026-01-29,The Onion Movie,2008,https://boxd.it/1Nq4,5
2026-01-29,Tokyo!,2008,https://boxd.it/1ZxG,3.5
2026-01-29,The Best Movie,2008,https://boxd.it/aAM,2
2026-01-29,99 Francs,2007,https://boxd.it/1ZNY,4
2026-01-29,The Visitor,2007,https://boxd.it/1RVq,3
2026-01-29,Pirates of the Caribbean: At World's End,2007,https://boxd.it/2aGu,3.5
2026-01-29,My Blueberry Nights,2007,https://boxd.it/27H0,3
2026-01-29,The Holiday,2006,https://boxd.it/28ye,2
2026-01-29,Perfume: The Story of a Murderer,2006,https://boxd.it/28LW,3
2026-01-29,Step Up,2006,https://boxd.it/1XS8,3
2026-01-29,Scoop,2006,https://boxd.it/2aeg,3.5
2026-01-29,Lucky Number Slevin,2006,https://boxd.it/2aVu,3
2026-01-29,Memoirs of a Geisha,2005,https://boxd.it/27TA,3.5
2026-01-29,Manderlay,2005,https://boxd.it/27Mu,4
2026-01-29,Match Point,2005,https://boxd.it/2b6s,3
2026-01-29,Barefoot,2005,https://boxd.it/21W4,3
2026-01-29,Constantine,2005,https://boxd.it/2a7E,3
2026-01-29,Alesha Popovich and Tugarin the Dragon,2004,https://boxd.it/1gaC,3
2026-01-29,Kung Fu Hustle,2004,https://boxd.it/1YBi,3.5
2026-01-29,The Five Obstructions,2003,https://boxd.it/1RWy,3.5
2026-01-29,Love Me If You Dare,2003,https://boxd.it/20bm,3.5
2026-01-29,"Spring, Summer, Fall, Winter... and Spring",2003,https://boxd.it/2b6W,4
2026-01-29,The Idiot,2003,https://boxd.it/fP80,3.5
2026-01-29,Anger Management,2003,https://boxd.it/1YvO,3
2026-01-29,Taxi 3,2003,https://boxd.it/26U8,3.5
2026-01-29,Pieces of April,2003,https://boxd.it/28De,4.5
2026-01-29,Евгений Гришковец: Как я съел собаку,2003,https://boxd.it/dyzO,4
2026-01-29,Brigada,2002,https://boxd.it/zsBo,3
2026-01-29,Hey Arnold! The Movie,2002,https://boxd.it/1IaU,2.5
2026-01-29,Shaolin Soccer,2001,https://boxd.it/1T86,3.5
2026-01-29,Cats & Dogs,2001,https://boxd.it/1UUq,2
2026-01-29,Down House,2001,https://boxd.it/5DG,2
2026-01-29,Yamakasi,2001,https://boxd.it/21jw,2.5
2026-01-29,The Family Man,2000,https://boxd.it/22e8,4
2026-01-29,Chocolat,2000,https://boxd.it/2aue,3
2026-01-29,Pay It Forward,2000,https://boxd.it/1VJI,3
2026-01-29,Come Look at Me,2000,https://boxd.it/2qpu,3.5
2026-01-29,Dancer in the Dark,2000,https://boxd.it/71E,2
2026-01-29,Demobbed,2000,https://boxd.it/4RC,4.5
2026-01-29,Taxi 2,2000,https://boxd.it/26Us,3.5
2026-01-29,Malena,2000,https://boxd.it/1Vc0,3
2026-01-29,The Beach,2000,https://boxd.it/27T6,3
2026-01-29,The Whole Nine Yards,2000,https://boxd.it/27vS,3
2026-01-29,EDtv,1999,https://boxd.it/1U08,3
2026-01-29,King of Comedy,1999,https://boxd.it/xco,4.5
2026-01-29,Detective Conan: The Time Bombed Skyscraper,1997,https://boxd.it/1BWM,3
2026-01-29,Chasing Amy,1997,https://boxd.it/274W,3.5
2026-01-29,Love Jones,1997,https://boxd.it/1s3S,4
2026-01-29,The God of Cookery,1996,https://boxd.it/ZB2,3
2026-01-29,Don't Be a Menace to South Central While Drinking Your Juice in the Hood,1996,https://boxd.it/1VQa,2.5
2026-01-29,Four Rooms,1995,https://boxd.it/73g,3
2026-01-29,The Englishman Who Went Up a Hill But Came Down a Mountain,1995,https://boxd.it/1VPm,3
2026-01-29,The Road Killers,1994,https://boxd.it/3CdW,2.5
2026-01-29,The Crow,1994,https://boxd.it/1Yxq,3.5
2026-01-29,D2: The Mighty Ducks,1994,https://boxd.it/1UtO,3
2026-01-30,The Circus,1928,https://boxd.it/1orm,3.5
2026-01-30,Arizona Dream,1993,https://boxd.it/1UMm,4
2026-01-30,Europa,1991,https://boxd.it/1ZfM,3
2026-01-30,The Elder Son,1975,https://boxd.it/4tg,4
2026-01-30,Winnie-the-Pooh Goes Visiting,1971,https://boxd.it/1bbU,4
2026-01-30,Winnie-the-Pooh and a Busy Day,1972,https://boxd.it/1bc4,4
2026-01-30,Journey to the West: Conquering the Demons,2013,https://boxd.it/5gxu,2.5
2026-01-30,Tootsie,1982,https://boxd.it/1YkG,3
2026-01-30,Dogma,1999,https://boxd.it/284e,3
2026-01-30,Radiohead: In Rainbows - From the Basement,2008,https://boxd.it/g7G,5
2026-01-30,Bambi,1942,https://boxd.it/25AQ,3
2026-01-30,Loki,2021,https://boxd.it/sbHg,3.5
2026-01-30,Snatch,2000,https://boxd.it/2b7U,4
2026-01-30,The Hangover Part II,2011,https://boxd.it/PZI,3
2026-01-30,The Fast and the Furious,2001,https://boxd.it/1XMu,4
2026-01-30,Groundhog Day,1993,https://boxd.it/2b3e,3.5
2026-01-30,Zombieland,2009,https://boxd.it/1En6,4.5
2026-01-30,Kizumonogatari Part 2: Nekketsu,2016,https://boxd.it/cq8o,4.5
2026-01-30,Berserk: The Golden Age Arc III – The Advent,2013,https://boxd.it/4Bb8,4
2026-01-30,Bring Her Back,2025,https://boxd.it/Hxlc,3.5
2026-01-30,Spider-Man: No Way Home,2021,https://boxd.it/nwRw,4
2026-01-30,Steins;Gate: The Movie - Load Region of Déjà Vu,2013,https://boxd.it/6FF6,4
2026-01-30,The Da Vinci Code,2006,https://boxd.it/2a3i,3
2026-01-30,Madagascar: Escape 2 Africa,2008,https://boxd.it/1W2K,3
2026-01-30,Cloverfield,2008,https://boxd.it/2192,4
2026-01-30,Sin City,2005,https://boxd.it/2aVk,4
2026-01-30,Charlie's Angels,2000,https://boxd.it/24v6,2.5
2026-01-30,17 Again,2009,https://boxd.it/1Jnq,2.5
2026-01-30,War of the Worlds,2005,https://boxd.it/2bde,3.5
2026-01-30,A History of Violence,2005,https://boxd.it/2bfa,3.5
2026-01-30,The Mummy Returns,2001,https://boxd.it/28cs,2
2026-01-30,Hitch,2005,https://boxd.it/205o,3.5
2026-01-30,Blade II,2002,https://boxd.it/1agO,2
2026-01-30,Pearl Harbor,2001,https://boxd.it/29Q4,2.5
2026-01-30,Meet the Fockers,2004,https://boxd.it/29NE,3
2026-01-30,National Treasure: Book of Secrets,2007,https://boxd.it/21rq,3
2026-01-30,Jackass: The Movie,2002,https://boxd.it/1Zo0,3
2026-01-30,You Don't Mess with the Zohan,2008,https://boxd.it/1VHs,4
2026-01-30,The Hitchhiker's Guide to the Galaxy,2005,https://boxd.it/20VE,2
2026-01-30,Lara Croft: Tomb Raider,2001,https://boxd.it/27G2,2.5
2026-01-30,This Is England,2006,https://boxd.it/1T44,3
2026-01-30,Spy Kids 3-D: Game Over,2003,https://boxd.it/1S7w,4
2026-01-30,Spy Kids 2: The Island of Lost Dreams,2002,https://boxd.it/1Yyo,2.5
2026-01-30,The Wave,2008,https://boxd.it/20OS,3
2026-01-30,Four Christmases,2008,https://boxd.it/1SjM,3
2026-01-30,The Bucket List,2007,https://boxd.it/20Ye,2.5
2026-01-30,The Break-Up,2006,https://boxd.it/1XRk,3
2026-01-30,Tenacious D in The Pick of Destiny,2006,https://boxd.it/27go,2
2026-01-30,Penelope,2006,https://boxd.it/20HW,2.5
2026-01-30,Thir13en Ghosts,2001,https://boxd.it/1YPO,3.5
2026-01-30,Ray,2004,https://boxd.it/28km,2
2026-01-30,[REC]²,2009,https://boxd.it/1VH8,4.5
2026-01-30,Little Nicky,2000,https://boxd.it/1Y4I,3.5
2026-01-30,Brüno,2009,https://boxd.it/1GSA,3
2026-01-30,RocknRolla,2008,https://boxd.it/1PmI,3
2026-01-30,Home on the Range,2004,https://boxd.it/1PB4,3
2026-01-30,Step Up 2: The Streets,2008,https://boxd.it/20mk,3.5
2026-01-30,Ghost Ship,2002,https://boxd.it/1Y9y,3.5
2026-01-30,The League of Extraordinary Gentlemen,2003,https://boxd.it/1ZVy,2.5
2026-01-30,Jay and Silent Bob Strike Back,2001,https://boxd.it/26ZM,3
2026-01-30,xXx,2002,https://boxd.it/20VY,3
2026-01-30,Dumb and Dumber To,2014,https://boxd.it/3qPk,2.5
2026-01-30,Starship Troopers,1997,https://boxd.it/2a7k,3.5
2026-01-30,Clerks,1994,https://boxd.it/2706,3.5
2026-01-30,The Lion King II: Simba's Pride,1998,https://boxd.it/1XWu,3
2026-01-30,Babe,1995,https://boxd.it/1Yh8,3
2026-01-30,101 Dalmatians,1996,https://boxd.it/1TgO,3
2026-01-30,Man on the Moon,1999,https://boxd.it/281k,4
2026-01-30,Mortal Kombat,1995,https://boxd.it/1YZY,3.5
2026-01-30,The Mighty Ducks,1992,https://boxd.it/1Wka,4
2026-01-30,Final Fantasy: The Spirits Within,2001,https://boxd.it/27pg,3.5
2026-01-30,Bakemonogatari,2009,https://boxd.it/tExw,4.5
2026-01-30,Kizumonogatari Part 1: Tekketsu,2016,https://boxd.it/c7sO,4.5
2026-01-30,Nisemonogatari,2012,https://boxd.it/tGxS,4
2026-01-30,Nekomonogatari (Black),2012,https://boxd.it/tGxI,3.5
2026-01-30,Hanamonogatari,2014,https://boxd.it/MEmm,3.5
2026-01-30,Tsukimonogatari,2015,https://boxd.it/qCqs,4
2026-01-30,Koyomimonogatari,2016,https://boxd.it/tGxe,3.5
2026-01-30,Zoku Owarimonogatari,2018,https://boxd.it/kesM,3.5
2026-01-30,Rango,2011,https://boxd.it/QPk,4
2026-01-30,Deadpool 2,2018,https://boxd.it/dlLM,3
2026-01-30,Another Round,2020,https://boxd.it/lkba,5
2026-01-30,Chicken Run: Dawn of the Nugget,2023,https://boxd.it/iTww,2.5
2026-01-30,The Interview,2014,https://boxd.it/6KQ4,2.5
2026-01-30,The World's End,2013,https://boxd.it/3EiO,4
2026-01-30,Men in Black 3,2012,https://boxd.it/103U,3
2026-01-30,The Death of Stalin,2017,https://boxd.it/ea9Y,2.5
2026-01-30,Tucker and Dale vs. Evil,2010,https://boxd.it/Mce,2.5
2026-01-30,Frank,2014,https://boxd.it/5hII,4.5
2026-01-30,Guns Akimbo,2019,https://boxd.it/gkFu,2.5
2026-01-30,How the Grinch Stole Christmas,2000,https://boxd.it/1ZHQ,0.5
2026-01-30,In Bruges,2008,https://boxd.it/20n8,3.5
2026-01-30,Bee Movie,2007,https://boxd.it/22Vw,3
2026-01-30,EuroTrip,2004,https://boxd.it/1YTQ,5
2026-01-30,Asterix & Obelix: Mission Cleopatra,2002,https://boxd.it/268o,4
2026-01-30,I Love You Phillip Morris,2009,https://boxd.it/1ZvK,3.5
2026-01-30,The Brothers Grimm,2005,https://boxd.it/24kW,3
2026-01-30,The Boat That Rocked,2009,https://boxd.it/1FZA,4.5
2026-01-30,Home Alone 2: Lost in New York,1992,https://boxd.it/29F6,3
2026-01-30,Addams Family Values,1993,https://boxd.it/26mq,3
2026-01-30,George of the Jungle,1997,https://boxd.it/1VQO,3
2026-01-30,Beethoven,1992,https://boxd.it/1T36,2.5
2026-01-30,Ri¢hie Ri¢h,1994,https://boxd.it/1URw,2
2026-01-30,Babe: Pig in the City,1998,https://boxd.it/1YEQ,2
2026-01-30,Inspector Gadget,1999,https://boxd.it/2azy,1.5
2026-01-30,Taxi,1998,https://boxd.it/26UM,4
2026-01-30,Who Framed Roger Rabbit,1988,https://boxd.it/29ry,4
2026-01-30,Trading Places,1983,https://boxd.it/28sK,3.5
2026-01-30,"Honey, I Shrunk the Kids",1989,https://boxd.it/1YTw,2
2026-01-30,Police Academy,1984,https://boxd.it/1YWg,3.5
2026-01-30,Suicide Squad,2016,https://boxd.it/9row,3
2026-01-30,The Chronicles of Narnia: The Voyage of the Dawn Treader,2010,https://boxd.it/1WZs,3
2026-01-30,The Last Airbender,2010,https://boxd.it/1WQK,2
2026-01-30,Warcraft,2016,https://boxd.it/2czK,3
2026-01-30,Legion,2010,https://boxd.it/1zVi,3
2026-01-30,Crystal Swan,2018,https://boxd.it/j9to,2.5
2026-01-31,The King and the Clown,2005,https://boxd.it/Qva,4.5
2026-01-31,The Wonderful Story of Henry Sugar,2023,https://boxd.it/yNyo,4.5
2026-02-02,Knight of Cups,2015,https://boxd.it/34Qq,2
2026-02-02,Anima,2019,https://boxd.it/mxuc,2
2026-02-02,Lupin III: The First,2019,https://boxd.it/mIEM,4
2026-02-04,The Night Porter,1974,https://boxd.it/1tsk,2
2026-02-04,Valiant,2005,https://boxd.it/1OBM,4
2026-02-04,The Passenger,1975,https://boxd.it/1Y8q,3
2026-02-04,Clash of the Titans,2010,https://boxd.it/1GfI,3
2026-02-04,Wrath of the Titans,2012,https://boxd.it/nlU,2.5
2026-02-04,Clerks III,2022,https://boxd.it/nAaQ,2.5
2026-02-04,The House Ghost,2024,https://boxd.it/K0mi,2
2026-02-05,The Broken Hearts Club: A Romantic Comedy,2000,https://boxd.it/1AkM,3.5
2026-02-05,300: Rise of an Empire,2014,https://boxd.it/xaC,2
2026-02-05,The Ministry of Ungentlemanly Warfare,2024,https://boxd.it/u5zu,3
2026-02-05,Waterworld,1995,https://boxd.it/1XLG,4
2026-02-05,Death Becomes Her,1992,https://boxd.it/1YQi,3
2026-02-05,Tales from the Crypt: Demon Knight,1995,https://boxd.it/1ZgK,4
2026-02-05,Vice Versa,1988,https://boxd.it/1txO,3.5
2026-02-05,Unbelievable Adventures of Italians in Russia,1974,https://boxd.it/lTq,3.5
2026-02-05,Fahrenheit 451,1966,https://boxd.it/28fw,2
2026-02-05,Airport,1970,https://boxd.it/1VG0,4.5
2026-02-05,Major Payne,1995,https://boxd.it/1US0,3.5
2026-02-05,Drunken Master,1978,https://boxd.it/1Ujk,4
2026-02-05,Around the World in 80 Days,2004,https://boxd.it/1WPs,4
2026-02-05,Drunken Master II,1994,https://boxd.it/1Si0,3
2026-02-05,Wheels on Meals,1984,https://boxd.it/1Unm,5
2026-02-05,The Mermaid,2016,https://boxd.it/di0S,2.5
2026-02-05,The New King of Comedy,2019,https://boxd.it/l7t6,2.5
2026-02-05,The Visitors,1993,https://boxd.it/1TeI,3
2026-02-05,Be My Husband,1981,https://boxd.it/9bc,3.5
2026-02-05,The Dog in the Manger,1977,https://boxd.it/18Sc,3
2026-02-05,Three Men in a Boat,1979,https://boxd.it/4qG,2.5
2026-02-05,Asterix and Obelix vs. Caesar,1999,https://boxd.it/1Yms,4
2026-02-05,The Toy,1976,https://boxd.it/oAQ,4
2026-02-05,Twin Sitters,1994,https://boxd.it/IYe,2.5
2026-02-05,D3: The Mighty Ducks,1996,https://boxd.it/1VEy,3.5
2026-02-05,Dennis the Menace Strikes Again!,1998,https://boxd.it/PZS,2
2026-02-05,Good Luck Chuck,2007,https://boxd.it/1Xg4,3
2026-02-05,Movie 43,2013,https://boxd.it/37qK,2.5
2026-02-05,The Dictator,2012,https://boxd.it/2DEW,2.5
2026-02-05,RRRrrrr!!!,2004,https://boxd.it/1BnM,4
2026-02-05,Sinister,2012,https://boxd.it/2TnW,2.5
2026-02-05,Les Misérables,2012,https://boxd.it/2TT4,4.5
2026-02-05,The Adventures of Tintin,2011,https://boxd.it/1Irc,4
2026-02-05,Bad Times at the El Royale,2018,https://boxd.it/fSA2,3.5
2026-02-05,Robin Hood,1973,https://boxd.it/1SRa,3
2026-02-05,Evangelion: 1.0 You Are (Not) Alone,2007,https://boxd.it/1MKi,5
2026-02-05,Her Blue Sky,2019,https://boxd.it/mJKG,4
2026-02-05,Last Year's Snow Was Falling,1983,https://boxd.it/4DpG,3.5
2026-02-05,Paranormal Activity 3,2011,https://boxd.it/2o4O,3.5
2026-02-05,Once Bitten,1985,https://boxd.it/1FMc,3
2026-02-05,Double Dragon,1994,https://boxd.it/26JE,3.5
2026-02-05,Russian Raid,2020,https://boxd.it/odW0,4
2026-02-05,A Knight's Tale,2001,https://boxd.it/1YAk,2.5
2026-02-05,Six-String Samurai,1998,https://boxd.it/1x5a,3.5
2026-02-05,Wish of the Fairy Fish,2023,https://boxd.it/D6ru,2.5
2026-02-05,Fear Street: 1978,2021,https://boxd.it/lLBu,2.5
2026-02-05,Upon the Magic Roads,2021,https://boxd.it/lbHm,2
2026-02-05,Spies in Disguise,2019,https://boxd.it/fjf4,3.5
2026-02-05,Jay and Silent Bob Reboot,2019,https://boxd.it/fFvS,2.5
2026-02-05,Alita: Battle Angel,2019,https://boxd.it/e0rS,2.5
2026-02-05,Gogol. Viy,2018,https://boxd.it/gOxU,3
2026-02-05,Batman: The Killing Joke,2016,https://boxd.it/djxe,4
2026-02-05,Hardcore Henry,2015,https://boxd.it/aAIM,3.5
2026-02-05,Kung Fury,2015,https://boxd.it/7mSM,4
2026-02-05,Teenage Mutant Ninja Turtles: Out of the Shadows,2016,https://boxd.it/9T2e,3
2026-02-05,Cheburashka,1971,https://boxd.it/1d8o,4
2026-02-05,Cat Soup,2001,https://boxd.it/1wrk,2
